CO2,TVOC,TIMESTAMP
410.0,1.0,2019-07-19 08:33
548.0,22.0,2019-07-19 08:49
477.0,11.0,2019-07-19 09:05
411.0,1.0,2019-07-19 09:21
424.0,3.0,2019-07-19 09:37
430.0,4.0,2019-07-19 09:53
418,2.0,2019-07-19 10:00
2629.0,2902.0,2019-07-19 10:24
400,0,2019-07-19 12:15
402.0,0,2019-07-19 12:18
617.0,33.0,2019-07-19 12:34
1040.0,97,2019-07-19 12:50
922.0,79,2019-07-19 13:06
848.0,68.0,2019-07-19 13:22
405.0,0,2019-07-19 15:35
416.0,2.0,2019-07-19 15:51
407.0,0.0,2019-07-19 16:07
408.0,1.0,2019-07-19 16:23
403.0,0.0,2019-07-19 16:39
423.0,3,2019-07-19 16:55
404.0,0.0,2019-07-19 18:52
402.0,0,2019-07-19 18:56
401.0,0,2019-07-19 19:06
402.0,0,2019-07-19 19:15
403.0,0,2019-07-19 19:23
400,0,2019-07-19 19:26
401.0,0,2019-07-19 19:30
400,0,2019-07-21 14:15
403.0,0,2019-07-21 15:07
402.0,0,2019-07-21 16:10
401.0,0,2019-07-21 16:21
402.0,0,2019-07-21 16:41
400,0,2019-07-23 09:01
408.0,1.0,2019-07-23 09:21
405.0,0.0,2019-07-23 09:41
417.0,2,2019-07-23 10:01
411.0,1.0,2019-07-23 10:21
408.0,1.0,2019-07-23 10:41
402.0,0.0,2019-07-23 10:54
3904.0,0.0,2019-07-23 11:00
2817.0,1.0,2019-07-23 11:01
407.0,1.0,2019-07-23 11:21
414.0,2.0,2019-07-23 11:41
404.0,0.0,2019-07-23 12:01
401.0,0.0,2019-07-23 12:21
403.0,0.0,2019-07-23 12:41
413,1.0,2019-07-23 13:01
404,0.0,2019-07-23 13:21
402.0,0,2019-07-23 13:41
414.0,2.0,2019-07-23 14:01
403.0,0.0,2019-07-23 14:21
401.0,0,2019-07-23 14:41
406.0,0.0,2019-07-23 15:01
403.0,0.0,2019-07-23 15:21
407.0,1.0,2019-07-23 15:41
404.0,0.0,2019-07-23 16:01
404.0,0.0,2019-07-23 16:21
404.0,1.0,2019-07-23 16:41
406.0,0.0,2019-07-23 17:01
401.0,0,2019-07-23 17:21
407.0,1.0,2019-07-23 17:41
401.0,0,2019-07-23 18:01
400.0,0,2019-07-23 18:21
405.0,0.0,2019-07-23 18:41
403.0,0.0,2019-07-23 19:01
405.0,0.0,2019-07-23 19:21
406.0,1.0,2019-07-23 19:41
401.0,0,2019-07-23 20:01
401.0,0,2019-07-23 20:21
404.0,0,2019-07-23 20:41
400.0,0,2019-07-23 21:01
401.0,0,2019-07-23 21:21
402.0,0,2019-07-23 21:41
404.0,0.0,2019-07-23 22:01
404.0,0.0,2019-07-23 22:21
400,0,2019-07-23 22:41
400,0,2019-07-23 23:01
404.0,0,2019-07-23 23:21
402.0,0,2019-07-24 00:01
401.0,0,2019-07-24 00:21
403.0,0,2019-07-24 00:41
400.0,0,2019-07-24 01:01
400.0,0,2019-07-24 01:21
402,0.0,2019-07-24 01:41
400.0,0,2019-07-24 02:01
400.0,0,2019-07-24 02:21
400,0,2019-07-24 02:41
400,0,2019-07-24 03:01
400.0,0,2019-07-24 03:21
400.0,0,2019-07-24 03:41
400,0,2019-07-24 04:01
400,0,2019-07-24 04:21
403.0,0,2019-07-24 04:41
403.0,0,2019-07-24 05:01
401,0,2019-07-24 05:21
402.0,0,2019-07-24 05:41
401.0,0,2019-07-24 06:01
400,0,2019-07-24 06:21
402.0,0,2019-07-24 06:41
401,0,2019-07-24 07:01
405,0,2019-07-24 07:21
402.0,0.0,2019-07-24 07:41
403.0,0.0,2019-07-24 08:01
402.0,0,2019-07-24 08:21
406.0,0.0,2019-07-24 08:41
402.0,0,2019-07-24 09:01
402.0,0,2019-07-24 09:21
403.0,0.0,2019-07-24 10:01
400,0,2019-07-24 10:21
405.0,0,2019-07-24 10:41
403.0,0.0,2019-07-24 11:01
402.0,0,2019-07-24 11:21
402.0,0.0,2019-07-24 11:41
402.0,0.0,2019-07-24 12:01
405.0,0.0,2019-07-24 12:21
412.0,1.0,2019-07-24 12:41
412,1.0,2019-07-24 13:01
422.0,3,2019-07-24 13:21
405.0,0.0,2019-07-24 13:41
409.0,1.0,2019-07-24 14:01
409.0,1.0,2019-07-24 14:21
410,1.0,2019-07-24 14:41
414.0,2.0,2019-07-24 15:01
405.0,0.0,2019-07-24 15:21
403,0.0,2019-07-24 15:41
402.0,0.0,2019-07-24 16:01
404.0,0.0,2019-07-24 16:21
401.0,0,2019-07-24 16:41
415.0,2.0,2019-07-24 17:01
416.0,2.0,2019-07-24 17:21
409,1.0,2019-07-24 17:41
402.0,0,2019-07-24 18:21
401,0,2019-07-24 18:41
412.0,2.0,2019-07-24 19:01
401.0,0,2019-07-24 19:21
412.0,1.0,2019-07-24 19:41
405.0,0.0,2019-07-24 20:01
402.0,0.0,2019-07-24 20:21
402.0,0.0,2019-07-24 20:41
404.0,0.0,2019-07-24 21:01
405.0,1.0,2019-07-24 21:21
402.0,0.0,2019-07-24 21:41
402.0,0,2019-07-24 22:01
403.0,0,2019-07-24 22:21
401.0,0,2019-07-24 22:41
401.0,0,2019-07-24 23:01
404.0,0,2019-07-24 23:21
403.0,0,2019-07-24 23:41
400.0,0,2019-07-25 00:01
404.0,0,2019-07-25 00:21
403.0,0,2019-07-25 00:41
402.0,0.0,2019-07-25 01:01
401.0,0,2019-07-25 01:21
404.0,0.0,2019-07-25 01:41
404.0,0.0,2019-07-25 02:01
404.0,1.0,2019-07-25 02:21
404.0,0.0,2019-07-25 02:41
404,0.0,2019-07-25 03:01
403.0,0.0,2019-07-25 03:21
403,0.0,2019-07-25 03:41
404.0,0.0,2019-07-25 04:01
406.0,1.0,2019-07-25 04:21
405.0,0.0,2019-07-25 04:41
402,0.0,2019-07-25 05:01
402.0,0.0,2019-07-25 05:21
402.0,0.0,2019-07-25 05:41
404.0,0.0,2019-07-25 06:01
403.0,0.0,2019-07-25 06:21
402.0,0.0,2019-07-25 06:41
403.0,0,2019-07-25 07:01
406.0,1.0,2019-07-25 07:21
402.0,0.0,2019-07-25 07:41
420.0,3.0,2019-07-25 08:01
404.0,0.0,2019-07-25 08:21
401,0.0,2019-07-25 08:41
402.0,0,2019-07-25 09:01
414.0,2.0,2019-07-25 09:21
406.0,1.0,2019-07-25 09:41
434.0,5.0,2019-07-25 10:01
402,0,2019-07-25 10:21
401.0,0,2019-07-25 10:41
420.0,2.0,2019-07-25 11:01
419.0,2.0,2019-07-25 11:21
402.0,0.0,2019-07-25 11:41
405.0,1.0,2019-07-25 12:01
406.0,0.0,2019-07-25 12:21
409.0,1.0,2019-07-25 12:41
400.0,0,2019-07-25 13:01
401.0,0,2019-07-25 13:21
402.0,0,2019-07-25 13:41
408.0,1.0,2019-07-25 14:21
406.0,1.0,2019-07-25 14:41
405.0,1.0,2019-07-25 15:01
404.0,0.0,2019-07-25 15:21
401.0,0,2019-07-25 15:41
401.0,0,2019-07-25 16:01
402.0,0,2019-07-25 16:21
405.0,0.0,2019-07-25 16:41
401.0,0,2019-07-25 17:01
406.0,1.0,2019-07-25 17:21
403,0.0,2019-07-25 17:41
403.0,0,2019-07-25 18:01
405.0,0.0,2019-07-25 18:21
403.0,0.0,2019-07-25 18:41
401.0,0,2019-07-25 19:01
403.0,0.0,2019-07-25 19:21
406.0,1.0,2019-07-25 19:41
403.0,0.0,2019-07-25 20:01
407.0,1.0,2019-07-25 20:21
402.0,0,2019-07-25 20:41
402.0,0.0,2019-07-25 21:01
402.0,0.0,2019-07-25 21:21
402.0,0,2019-07-25 21:41
403.0,0,2019-07-25 22:01
402.0,0,2019-07-25 22:21
403.0,0,2019-07-25 22:41
402.0,0,2019-07-25 23:01
401.0,0,2019-07-25 23:21
401.0,0,2019-07-25 23:41
402.0,0,2019-07-26 00:01
400.0,0,2019-07-26 00:21
401.0,0,2019-07-26 00:41
401.0,0,2019-07-26 01:01
405.0,1.0,2019-07-26 01:21
404.0,0.0,2019-07-26 01:41
404.0,0.0,2019-07-26 02:01
404.0,0.0,2019-07-26 02:21
406.0,1.0,2019-07-26 02:41
401.0,0,2019-07-26 03:01
412.0,1.0,2019-07-26 03:21
402.0,0,2019-07-26 03:41
400,0,2019-07-26 04:01
401.0,0,2019-07-26 04:21
402.0,0,2019-07-26 04:41
401.0,0,2019-07-26 05:21
400.0,0,2019-07-26 05:41
401.0,0,2019-07-26 06:01
403,0,2019-07-26 06:41
402,0,2019-07-26 07:01
402.0,0,2019-07-26 07:21
403.0,0,2019-07-26 07:41
405.0,0.0,2019-07-26 08:21
401,0,2019-07-26 08:41
401.0,0,2019-07-26 09:01
403.0,0,2019-07-26 09:21
404.0,0,2019-07-26 09:41
402.0,0.0,2019-07-26 10:01
409.0,1.0,2019-07-26 10:21
402.0,0,2019-07-26 10:41
402.0,0.0,2019-07-26 11:01
409.0,1,2019-07-26 11:21
404,0.0,2019-07-26 11:41
401,0,2019-07-26 12:01
406.0,1.0,2019-07-26 12:21
403.0,0.0,2019-07-26 12:41
408.0,1.0,2019-07-26 13:01
403.0,0,2019-07-26 13:21
403.0,0.0,2019-07-26 13:41
402.0,0.0,2019-07-26 14:01
402.0,0.0,2019-07-26 14:21
402.0,0.0,2019-07-26 14:41
404.0,0.0,2019-07-26 15:01
402.0,0.0,2019-07-26 15:21
404.0,0.0,2019-07-26 15:41
404.0,0.0,2019-07-26 16:01
411.0,1.0,2019-07-26 16:21
403.0,0.0,2019-07-26 16:41
403.0,0.0,2019-07-26 17:01
402.0,0.0,2019-07-26 17:21
401,0,2019-07-26 17:41
403.0,0.0,2019-07-26 18:01
404.0,0.0,2019-07-26 18:21
404.0,0,2019-07-26 18:41
402.0,0.0,2019-07-26 19:01
433.0,5.0,2019-07-26 19:21
435.0,5.0,2019-07-26 19:41
404.0,0.0,2019-07-26 20:01
410.0,1.0,2019-07-26 20:21
404.0,0,2019-07-26 20:41
404.0,0,2019-07-26 21:01
405.0,0,2019-07-26 21:21
401.0,0.0,2019-07-26 21:41
401.0,0.0,2019-07-26 22:01
405.0,0.0,2019-07-26 22:41
410.0,1.0,2019-07-26 23:01
402.0,0,2019-07-26 23:21
409.0,1.0,2019-07-26 23:41
405.0,0.0,2019-07-27 00:01
402.0,0,2019-07-27 00:21
403.0,0.0,2019-07-27 00:41
404.0,0.0,2019-07-27 01:01
402.0,0.0,2019-07-27 01:21
406.0,1.0,2019-07-27 01:41
404.0,1.0,2019-07-27 02:01
400,0,2019-07-27 02:21
400.0,0,2019-07-27 02:41
404.0,0,2019-07-27 03:01
404.0,0,2019-07-27 03:21
404.0,0,2019-07-27 03:41
403.0,0,2019-07-27 04:01
403.0,0,2019-07-27 04:21
402.0,0,2019-07-27 04:41
400,0,2019-07-27 05:01
402.0,0,2019-07-27 05:21
405.0,1.0,2019-07-27 05:41
405.0,1.0,2019-07-27 06:01
402.0,0.0,2019-07-27 06:21
404.0,0.0,2019-07-27 06:41
400,0,2019-07-27 07:01
405.0,0.0,2019-07-27 07:21
402.0,0,2019-07-27 07:41
401,0,2019-07-27 08:01
400,0,2019-07-27 08:21
402,0,2019-07-27 08:41
401.0,0.0,2019-07-27 09:21
414.0,2.0,2019-07-27 09:41
405.0,0.0,2019-07-27 10:01
405.0,0.0,2019-07-27 10:21
400.0,0,2019-07-27 10:41
400.0,0,2019-07-27 11:01
407.0,1.0,2019-07-27 11:21
402.0,0,2019-07-27 11:41
402.0,0,2019-07-27 12:01
401.0,0,2019-07-27 12:21
401.0,0,2019-07-27 12:41
404.0,0.0,2019-07-27 13:01
402.0,0,2019-07-27 13:21
401.0,0,2019-07-27 13:41
403.0,0,2019-07-27 14:01
403.0,0.0,2019-07-27 14:21
401.0,0,2019-07-27 14:41
406.0,0.0,2019-07-27 15:01
402.0,0.0,2019-07-27 15:21
401.0,0,2019-07-27 15:41
403.0,0.0,2019-07-27 16:21
406.0,0.0,2019-07-27 16:41
401.0,0,2019-07-27 17:01
401.0,0.0,2019-07-27 17:21
401.0,0,2019-07-27 17:41
402.0,0,2019-07-27 18:01
403.0,0.0,2019-07-27 18:21
403.0,0.0,2019-07-27 18:41
402.0,0,2019-07-27 19:01
401.0,0,2019-07-27 19:21
405.0,0.0,2019-07-27 19:41
401.0,0,2019-07-27 20:01
403.0,0.0,2019-07-27 20:21
402.0,0,2019-07-27 21:21
404.0,0,2019-07-27 21:41
401.0,0,2019-07-27 22:01
404.0,0.0,2019-07-27 22:21
402.0,0,2019-07-27 22:41
402.0,0,2019-07-27 23:01
402.0,0,2019-07-27 23:21
402.0,0,2019-07-27 23:41
402.0,0,2019-07-28 00:01
401.0,0,2019-07-28 00:21
401,0,2019-07-28 00:41
402.0,0,2019-07-28 01:01
401.0,0,2019-07-28 01:21
401.0,0,2019-07-28 01:41
400.0,0,2019-07-28 02:01
400,0,2019-07-28 02:21
400.0,0,2019-07-28 02:41
402.0,0,2019-07-28 03:01
400.0,0,2019-07-28 03:21
404.0,0.0,2019-07-28 03:41
402.0,0.0,2019-07-28 04:01
406.0,0.0,2019-07-28 04:21
404.0,0,2019-07-28 04:41
402.0,0,2019-07-28 05:01
403.0,0,2019-07-28 05:21
400,0,2019-07-28 05:41
401.0,0,2019-07-28 06:01
404.0,1.0,2019-07-28 06:21
400,0,2019-07-28 06:41
404.0,0,2019-07-28 07:01
404.0,0,2019-07-28 07:21
400.0,0,2019-07-28 07:41
401.0,0,2019-07-28 08:01
401.0,0,2019-07-28 08:21
402.0,0.0,2019-07-28 08:41
401.0,0,2019-07-28 09:01
401.0,0,2019-07-28 09:21
402.0,0,2019-07-28 09:41
405.0,0.0,2019-07-28 10:01
403.0,0,2019-07-28 10:21
401.0,0,2019-07-28 10:41
404.0,0.0,2019-07-28 11:01
401.0,0,2019-07-28 11:21
401.0,0,2019-07-28 11:41
404.0,0,2019-07-28 12:01
401.0,0,2019-07-28 12:21
401.0,0,2019-07-28 12:41
402.0,0,2019-07-28 13:01
401.0,0,2019-07-28 13:21
403.0,0,2019-07-28 13:41
406.0,1.0,2019-07-28 14:01
402.0,0,2019-07-28 14:21
405,0.0,2019-07-28 14:41
403.0,0,2019-07-28 15:01
400.0,0,2019-07-28 15:21
402.0,0,2019-07-28 15:41
404.0,0.0,2019-07-28 16:01
401,0,2019-07-28 16:21
406.0,1.0,2019-07-28 16:41
401.0,0,2019-07-28 17:01
401.0,0,2019-07-28 17:21
401,0,2019-07-28 17:41
400.0,0,2019-07-28 18:01
404.0,0.0,2019-07-28 18:21
401.0,0,2019-07-28 18:41
401.0,0,2019-07-28 19:01
403.0,0.0,2019-07-28 19:21
403.0,0.0,2019-07-28 19:41
401.0,0,2019-07-28 20:21
402.0,0.0,2019-07-28 20:41
404.0,0,2019-07-28 21:01
400.0,0,2019-07-28 21:21
404.0,0,2019-07-28 21:41
402.0,0,2019-07-28 22:01
400,0,2019-07-28 22:21
402.0,0,2019-07-28 22:41
400.0,0,2019-07-28 23:01
404.0,0,2019-07-28 23:21
401.0,0.0,2019-07-28 23:41
403.0,0,2019-07-29 00:01
403.0,0.0,2019-07-29 00:21
404.0,1.0,2019-07-29 00:41
406.0,1.0,2019-07-29 01:01
404.0,0.0,2019-07-29 01:21
406.0,1.0,2019-07-29 01:41
403.0,0.0,2019-07-29 02:01
409.0,1.0,2019-07-29 02:21
400,0,2019-07-29 02:41
400,0,2019-07-29 03:01
404.0,0,2019-07-29 03:21
400.0,0,2019-07-29 03:41
400,0,2019-07-29 04:01
407,1,2019-07-29 04:21
400.0,0,2019-07-29 04:41
400,0,2019-07-29 05:01
400.0,0,2019-07-29 05:21
400,0,2019-07-29 05:41
401.0,0,2019-07-29 06:01
404.0,0,2019-07-29 06:21
400,0,2019-07-29 06:41
402.0,0,2019-07-29 07:01
400.0,0,2019-07-29 07:21
400.0,0,2019-07-29 07:41
405.0,0,2019-07-29 08:01
402.0,0,2019-07-29 08:21
402.0,0,2019-07-29 08:41
404.0,0,2019-07-29 09:01
402.0,0,2019-07-29 09:21
401.0,0.0,2019-07-29 09:41
405,0,2019-07-29 10:01
405.0,0,2019-07-29 10:21
401.0,0,2019-07-29 10:41
401.0,0,2019-07-29 11:01
401.0,0.0,2019-07-29 11:21
400.0,0,2019-07-29 11:41
403,0.0,2019-07-29 12:01
404.0,0.0,2019-07-29 12:21
406.0,0.0,2019-07-29 12:41
402.0,0.0,2019-07-29 13:01
402.0,0,2019-07-29 13:21
401.0,0,2019-07-29 13:41
402.0,0.0,2019-07-29 14:01
405.0,0.0,2019-07-29 14:21
401.0,0,2019-07-29 14:41
401.0,0,2019-07-29 15:01
406.0,0.0,2019-07-29 15:21
401.0,0,2019-07-29 15:41
406.0,0.0,2019-07-29 16:01
402.0,0,2019-07-29 16:21
410.0,1.0,2019-07-29 16:41
413.0,2.0,2019-07-29 17:01
402.0,0.0,2019-07-29 17:21
404,0.0,2019-07-29 17:41
404.0,0,2019-07-29 18:01
402.0,0.0,2019-07-29 18:21
408.0,1.0,2019-07-29 18:41
401.0,0,2019-07-29 19:01
405.0,0.0,2019-07-29 19:21
403.0,0.0,2019-07-29 19:41
406.0,1.0,2019-07-29 20:01
401.0,0,2019-07-29 20:21
402.0,0.0,2019-07-29 20:41
404.0,0,2019-07-29 21:01
406.0,0.0,2019-07-29 21:21
402.0,0,2019-07-29 21:41
403.0,0,2019-07-29 22:01
403.0,0,2019-07-29 22:21
401.0,0,2019-07-29 22:41
401.0,0,2019-07-29 23:01
400,0,2019-07-29 23:21
402,0,2019-07-29 23:41
402.0,0,2019-07-30 00:01
403.0,0,2019-07-30 00:21
401.0,0,2019-07-30 00:41
401.0,0,2019-07-30 01:01
400,0,2019-07-30 01:21
403.0,0.0,2019-07-30 01:41
402.0,0,2019-07-30 02:01
402.0,0,2019-07-30 02:21
400.0,0,2019-07-30 02:41
400.0,0,2019-07-30 03:01
402.0,0,2019-07-30 03:21
407.0,1.0,2019-07-30 03:41
400,0,2019-07-30 04:01
403.0,0,2019-07-30 04:21
401.0,0,2019-07-30 04:41
400,0,2019-07-30 05:01
401.0,0,2019-07-30 05:21
400,0,2019-07-30 05:41
402.0,0,2019-07-30 06:01
403.0,0,2019-07-30 06:21
403.0,0,2019-07-30 06:41
400,0,2019-07-30 07:01
401.0,0,2019-07-30 07:21
400.0,0,2019-07-30 07:41
401.0,0,2019-07-30 08:01
401.0,0,2019-07-30 08:21
400,0,2019-07-30 08:41
401,0,2019-07-30 09:01
405.0,0.0,2019-07-30 09:21
403.0,0,2019-07-30 09:41
400.0,0,2019-07-30 10:01
402.0,0,2019-07-30 10:21
401.0,0,2019-07-30 10:41
404.0,0,2019-07-30 11:01
402.0,0,2019-07-30 11:21
404.0,0,2019-07-30 11:41
402.0,0,2019-07-30 12:01
402.0,0,2019-07-30 12:21
402.0,0,2019-07-30 12:41
401.0,0,2019-07-30 13:01
404.0,0.0,2019-07-30 13:21
401.0,0,2019-07-30 13:41
401.0,0,2019-07-30 14:01
401.0,0,2019-07-30 14:21
403.0,0.0,2019-07-30 14:41
400,0,2019-07-30 15:01
404.0,0.0,2019-07-30 15:21
403.0,0.0,2019-07-30 15:41
405.0,1.0,2019-07-30 16:01
402.0,0.0,2019-07-30 16:21
402,0,2019-07-30 16:41
404.0,0.0,2019-07-30 17:01
402.0,0,2019-07-30 17:21
403.0,0,2019-07-30 17:41
405.0,0.0,2019-07-30 18:01
401.0,0,2019-07-30 18:21
403.0,0.0,2019-07-30 18:41
403.0,0.0,2019-07-30 19:01
405.0,0.0,2019-07-30 19:21
404,0.0,2019-07-30 19:41
403.0,0.0,2019-07-30 20:01
404.0,0,2019-07-30 20:21
401.0,0,2019-07-30 20:41
402.0,0,2019-07-30 21:01
402.0,0,2019-07-30 21:21
403.0,0,2019-07-30 21:41
400,0,2019-07-30 22:01
400.0,0,2019-07-30 22:21
402.0,0,2019-07-30 22:41
402.0,0,2019-07-30 23:01
401.0,0,2019-07-30 23:21
402.0,0,2019-07-30 23:41
402.0,0,2019-07-31 00:01
400,0,2019-07-31 00:21
403.0,0.0,2019-07-31 00:41
403.0,0.0,2019-07-31 01:01
400,0,2019-07-31 01:21
401.0,0,2019-07-31 01:41
403.0,0,2019-07-31 02:01
400,0,2019-07-31 02:21
402,0,2019-07-31 02:41
401.0,0,2019-07-31 03:01
405,0,2019-07-31 03:21
401,0,2019-07-31 03:41
404.0,0.0,2019-07-31 04:01
402,0,2019-07-31 04:21
404.0,0,2019-07-31 04:41
401.0,0,2019-07-31 05:01
406.0,1.0,2019-07-31 05:21
400.0,0,2019-07-31 05:41
402.0,0,2019-07-31 06:01
400.0,0,2019-07-31 06:21
400,0,2019-07-31 06:41
402.0,0,2019-07-31 07:01
405,0,2019-07-31 07:21
402.0,0,2019-07-31 07:41
402,0,2019-07-31 08:01
400,0,2019-07-31 08:21
403.0,0.0,2019-07-31 08:41
402.0,0,2019-07-31 09:01
402.0,0,2019-07-31 09:21
402.0,0,2019-07-31 10:01
402.0,0,2019-07-31 10:21
402.0,0,2019-07-31 10:41
403.0,0,2019-07-31 11:01
400.0,0,2019-07-31 11:21
400.0,0,2019-07-31 11:41
403.0,0.0,2019-07-31 12:01
402.0,0.0,2019-07-31 12:21
402.0,0.0,2019-07-31 12:41
410.0,1,2019-07-31 13:01
400.0,0,2019-07-31 13:21
410.0,1.0,2019-07-31 13:41
409.0,1.0,2019-07-31 14:01
401.0,0,2019-07-31 14:21
401.0,0,2019-07-31 14:41
401.0,0,2019-07-31 15:01
401.0,0,2019-07-31 15:21
400.0,0,2019-07-31 15:41
401.0,0.0,2019-07-31 16:01
403.0,0.0,2019-07-31 16:21
414.0,2.0,2019-07-31 16:41
402,0.0,2019-07-31 17:01
417.0,2.0,2019-07-31 17:21
406.0,1.0,2019-07-31 17:41
402.0,0.0,2019-07-31 18:01
402.0,0.0,2019-07-31 18:21
408,1.0,2019-07-31 18:41
402,0,2019-07-31 19:01
407.0,1.0,2019-07-31 20:21
402.0,0.0,2019-07-31 20:41
401.0,0,2019-07-31 21:01
402.0,0,2019-07-31 21:21
402.0,0,2019-07-31 21:41
401.0,0,2019-07-31 22:01
402.0,0.0,2019-07-31 22:21
401.0,0,2019-07-31 22:41
404.0,0.0,2019-07-31 23:01
402.0,0.0,2019-07-31 23:21
402.0,0,2019-07-31 23:41
404.0,0,2019-08-01 00:01
403.0,0.0,2019-08-01 00:21
402.0,0.0,2019-08-01 00:41
400,0,2019-08-01 01:01
402.0,0,2019-08-01 01:21
400,0,2019-08-01 01:41
400,0,2019-08-01 02:01
400,0,2019-08-01 02:21
404.0,0,2019-08-01 02:41
400,0,2019-08-01 03:01
404.0,0,2019-08-01 03:21
400.0,0,2019-08-01 03:41
401.0,0,2019-08-01 04:01
403.0,0,2019-08-01 04:21
401.0,0,2019-08-01 04:41
402.0,0,2019-08-01 05:01
403.0,0,2019-08-01 05:41
401.0,0,2019-08-01 06:01
401,0,2019-08-01 06:21
402.0,0,2019-08-01 06:41
401.0,0,2019-08-01 07:01
402.0,0,2019-08-01 07:21
401.0,0,2019-08-01 07:41
402.0,0,2019-08-01 08:01
404.0,0,2019-08-01 08:21
402.0,0,2019-08-01 08:41
406.0,0.0,2019-08-01 09:01
404.0,0,2019-08-01 09:21
404.0,0.0,2019-08-01 09:41
401.0,0,2019-08-01 10:01
402.0,0.0,2019-08-01 10:21
406,0,2019-08-01 10:41
406.0,0.0,2019-08-01 11:01
407.0,1.0,2019-08-01 11:21
409.0,1.0,2019-08-01 11:41
401,0,2019-08-01 12:01
402.0,0,2019-08-01 12:21
402.0,0,2019-08-01 12:41
408.0,1.0,2019-08-01 13:01
402.0,0,2019-08-01 13:21
403.0,0,2019-08-01 13:41
401,0,2019-08-01 14:01
406.0,0.0,2019-08-01 14:21
403.0,0.0,2019-08-01 14:41
400.0,0,2019-08-01 15:01
400.0,0,2019-08-01 15:21
402.0,0,2019-08-01 15:41
410.0,1.0,2019-08-01 16:21
406.0,1.0,2019-08-01 16:41
402,0.0,2019-08-01 17:01
403.0,0.0,2019-08-01 17:21
404.0,0.0,2019-08-01 17:41
401.0,0,2019-08-01 18:01
403.0,0.0,2019-08-01 18:21
410.0,1.0,2019-08-01 18:41
401.0,0,2019-08-01 19:21
400.0,0,2019-08-01 19:41
402.0,0,2019-08-01 20:01
401,0,2019-08-01 20:21
402.0,0.0,2019-08-01 20:41
404.0,0,2019-08-01 21:01
400.0,0,2019-08-01 21:21
404.0,0,2019-08-01 21:41
400.0,0,2019-08-01 22:01
400.0,0,2019-08-01 22:21
402.0,0,2019-08-01 22:41
401.0,0,2019-08-01 23:01
402.0,0,2019-08-01 23:21
402.0,0,2019-08-01 23:41
400,0,2019-08-02 00:01
401,0,2019-08-02 00:21
401.0,0,2019-08-02 00:41
404.0,0.0,2019-08-02 01:01
404.0,0.0,2019-08-02 01:21
401.0,0,2019-08-02 01:41
403.0,0,2019-08-02 02:01
400,0,2019-08-02 02:21
400.0,0,2019-08-02 02:41
403.0,0.0,2019-08-02 03:01
400,0,2019-08-02 03:21
400,0,2019-08-02 03:41
400.0,0,2019-08-02 04:01
402.0,0,2019-08-02 04:21
405.0,0,2019-08-02 04:41
400,0,2019-08-02 05:01
405.0,0,2019-08-02 05:21
400,0,2019-08-02 05:41
402.0,0,2019-08-02 06:01
401.0,0,2019-08-02 06:21
404.0,0,2019-08-02 06:41
400,0,2019-08-02 07:01
406.0,0.0,2019-08-02 07:21
403.0,0,2019-08-02 07:41
403.0,0,2019-08-02 08:01
402.0,0,2019-08-02 08:21
404.0,0.0,2019-08-02 08:41
403.0,0,2019-08-02 09:01
401.0,0,2019-08-02 09:21
404.0,0,2019-08-02 09:41
402.0,0,2019-08-02 10:01
400,0,2019-08-02 10:21
401.0,0,2019-08-02 10:41
407.0,0.0,2019-08-02 11:21
400,0,2019-08-02 11:41
402.0,0.0,2019-08-02 12:01
403.0,0,2019-08-02 12:21
403.0,0,2019-08-02 12:41
400.0,0,2019-08-02 13:01
403.0,0,2019-08-02 13:21
401.0,0,2019-08-02 13:41
402.0,0.0,2019-08-02 14:01
401.0,0,2019-08-02 14:21
402.0,0.0,2019-08-02 14:41
406.0,0.0,2019-08-02 15:01
401.0,0,2019-08-02 15:21
402.0,0,2019-08-02 15:41
408.0,1.0,2019-08-02 16:01
406.0,0.0,2019-08-02 16:21
402.0,0,2019-08-02 16:41
401.0,0,2019-08-02 17:01
404.0,0.0,2019-08-02 17:21
402.0,0,2019-08-02 17:41
401.0,0,2019-08-02 18:01
404.0,0,2019-08-02 18:21
401.0,0,2019-08-02 18:41
402.0,0,2019-08-02 19:01
406.0,0.0,2019-08-02 19:21
403.0,0.0,2019-08-02 19:41
403,0,2019-08-02 20:01
402.0,0,2019-08-02 20:21
401.0,0,2019-08-02 20:41
401.0,0,2019-08-02 21:01
404.0,0,2019-08-02 21:21
402.0,0,2019-08-02 21:41
404.0,0.0,2019-08-02 22:01
401.0,0,2019-08-02 22:21
402.0,0,2019-08-02 22:41
402.0,0,2019-08-02 23:01
400.0,0,2019-08-02 23:21
402.0,0,2019-08-02 23:41
401.0,0,2019-08-03 00:01
400,0,2019-08-03 00:21
405,0,2019-08-03 00:41
400.0,0,2019-08-03 01:01
402.0,0,2019-08-03 01:21
404.0,0,2019-08-03 01:41
400.0,0,2019-08-03 02:01
402.0,0,2019-08-03 02:21
400,0,2019-08-03 02:41
402,0,2019-08-03 03:01
405.0,0.0,2019-08-03 03:21
402.0,0.0,2019-08-03 03:41
401.0,0,2019-08-03 04:01
400.0,0,2019-08-03 04:21
400.0,0,2019-08-03 04:41
401.0,0,2019-08-03 05:01
403.0,0,2019-08-03 05:21
401.0,0,2019-08-03 05:41
406.0,1.0,2019-08-03 06:21
403.0,0.0,2019-08-03 06:41
401,0,2019-08-03 07:01
400,0,2019-08-03 07:21
407.0,0.0,2019-08-03 07:41
403.0,0.0,2019-08-03 08:01
401.0,0,2019-08-03 08:21
404.0,0,2019-08-03 08:41
402.0,0,2019-08-03 09:01
400.0,0,2019-08-03 09:21
401.0,0,2019-08-03 09:41
407,0.0,2019-08-03 10:01
402.0,0,2019-08-03 10:21
404.0,0,2019-08-03 10:41
401.0,0,2019-08-03 11:01
405.0,0,2019-08-03 11:21
402.0,0,2019-08-03 11:41
405.0,0.0,2019-08-03 12:01
403,0,2019-08-03 12:21
402.0,0,2019-08-03 12:41
401.0,0,2019-08-03 13:01
400.0,0,2019-08-03 13:21
401.0,0,2019-08-03 13:41
403.0,0.0,2019-08-03 14:01
400,0,2019-08-03 14:21
407.0,1.0,2019-08-03 14:41
404.0,0,2019-08-03 15:01
402.0,0,2019-08-03 15:21
400.0,0,2019-08-03 15:41
401.0,0,2019-08-03 16:01
406.0,0.0,2019-08-03 16:21
404.0,0.0,2019-08-03 16:41
411,1.0,2019-08-03 17:01
403.0,0.0,2019-08-03 17:21
400.0,0,2019-08-03 17:41
407.0,1.0,2019-08-03 18:01
402.0,0,2019-08-03 18:21
401,0,2019-08-03 18:41
401.0,0,2019-08-03 19:01
405.0,1.0,2019-08-03 19:21
401.0,0,2019-08-03 19:41
402,0,2019-08-03 20:01
402.0,0,2019-08-03 20:21
403.0,0.0,2019-08-03 20:41
400.0,0,2019-08-03 21:01
402.0,0,2019-08-03 21:21
405.0,1.0,2019-08-03 21:41
405.0,0.0,2019-08-03 22:01
402.0,0,2019-08-03 22:21
402.0,0,2019-08-03 22:41
405,0,2019-08-03 23:01
404.0,0.0,2019-08-03 23:21
404.0,0,2019-08-03 23:41
401.0,0,2019-08-04 00:01
405,0,2019-08-04 00:21
400,0,2019-08-04 00:41
402.0,0,2019-08-04 01:01
404.0,0,2019-08-04 01:21
401.0,0,2019-08-04 01:41
401.0,0,2019-08-04 02:01
400,0,2019-08-04 02:21
401.0,0,2019-08-04 02:41
404.0,0,2019-08-04 03:01
400,0,2019-08-04 03:21
401.0,0,2019-08-04 03:41
400,0,2019-08-04 04:01
401.0,0,2019-08-04 04:21
404.0,0,2019-08-04 04:41
400,0,2019-08-04 05:01
404.0,0.0,2019-08-04 05:21
403.0,0,2019-08-04 05:41
400,0,2019-08-04 06:01
402.0,0,2019-08-04 06:21
401.0,0,2019-08-04 06:41
400.0,0,2019-08-04 07:01
402.0,0,2019-08-04 07:21
400,0,2019-08-04 07:41
401.0,0,2019-08-04 08:01
404.0,0,2019-08-04 08:21
401.0,0,2019-08-04 08:41
401,0,2019-08-04 09:01
402.0,0,2019-08-04 09:21
402.0,0,2019-08-04 09:41
403.0,0,2019-08-04 10:01
401.0,0,2019-08-04 10:21
405.0,0,2019-08-04 10:41
406.0,1.0,2019-08-04 11:01
448.0,7.0,2019-08-04 11:41
416.0,2.0,2019-08-04 12:01
403,0.0,2019-08-04 12:21
403.0,0.0,2019-08-04 12:41
403.0,0,2019-08-04 13:01
401.0,0,2019-08-04 13:21
404.0,1.0,2019-08-04 13:41
407.0,1.0,2019-08-04 14:01
404.0,0.0,2019-08-04 14:41
403.0,0.0,2019-08-04 15:01
401.0,0,2019-08-04 15:21
405.0,0.0,2019-08-04 15:41
402,0.0,2019-08-04 16:01
406.0,0.0,2019-08-04 16:21
402.0,0,2019-08-04 16:41
412.0,1.0,2019-08-04 17:01
405.0,0.0,2019-08-04 17:21
403.0,0.0,2019-08-04 17:41
408.0,1.0,2019-08-04 18:01
404.0,0.0,2019-08-04 18:21
402.0,0.0,2019-08-04 18:41
400.0,0,2019-08-04 19:01
404.0,0,2019-08-04 19:21
401.0,0,2019-08-04 19:41
403.0,0.0,2019-08-04 20:01
404.0,0,2019-08-04 20:21
404.0,0,2019-08-04 20:41
403.0,0.0,2019-08-04 21:01
400.0,0,2019-08-04 21:21
402.0,0,2019-08-04 21:41
404.0,0.0,2019-08-04 22:01
402.0,0,2019-08-04 22:21
403.0,0,2019-08-04 22:41
402.0,0,2019-08-04 23:01
401.0,0,2019-08-04 23:21
400.0,0,2019-08-04 23:41
401.0,0,2019-08-05 00:01
401.0,0,2019-08-05 00:21
401.0,0,2019-08-05 00:41
401.0,0,2019-08-05 01:01
400,0,2019-08-05 01:21
409.0,1.0,2019-08-05 01:41
402.0,0.0,2019-08-05 02:01
406.0,0.0,2019-08-05 02:21
404.0,0.0,2019-08-05 02:41
403.0,0,2019-08-05 03:01
402.0,0.0,2019-08-05 03:21
410.0,1.0,2019-08-05 03:41
401.0,0,2019-08-05 04:01
403.0,0,2019-08-05 04:21
402.0,0,2019-08-05 04:41
404.0,0,2019-08-05 05:01
402,0,2019-08-05 05:21
402.0,0,2019-08-05 05:41
400.0,0,2019-08-05 06:01
401.0,0,2019-08-05 06:21
402.0,0,2019-08-05 06:41
401.0,0,2019-08-05 07:01
402.0,0,2019-08-05 07:21
405.0,0,2019-08-05 07:41
402.0,0,2019-08-05 08:01
403.0,0,2019-08-05 08:21
400.0,0,2019-08-05 08:41
415.0,2.0,2019-08-05 09:01
400.0,0,2019-08-05 09:21
403.0,0.0,2019-08-05 09:41
408.0,1.0,2019-08-05 10:21
412.0,2.0,2019-08-05 10:41
402.0,0.0,2019-08-05 11:01
401.0,0,2019-08-05 11:21
401.0,0,2019-08-05 12:01
407.0,1.0,2019-08-05 12:21
409.0,1.0,2019-08-05 12:41
403.0,0.0,2019-08-05 13:01
402.0,0,2019-08-05 13:21
405.0,1.0,2019-08-05 13:41
401.0,0,2019-08-05 14:01
404.0,0.0,2019-08-05 14:41
404.0,0,2019-08-05 15:01
400.0,0,2019-08-05 15:21
403.0,0.0,2019-08-05 15:41
405.0,0.0,2019-08-05 16:21
401.0,0,2019-08-05 16:41
403.0,0.0,2019-08-05 17:01
406.0,0.0,2019-08-05 17:21
405.0,1.0,2019-08-05 17:41
401.0,0,2019-08-05 18:01
406.0,0.0,2019-08-05 18:21
412.0,1.0,2019-08-05 18:41
409.0,1.0,2019-08-05 19:01
403.0,0.0,2019-08-05 19:21
406.0,0.0,2019-08-05 19:41
404.0,0.0,2019-08-05 20:01
401.0,0,2019-08-05 20:21
402.0,0,2019-08-05 20:41
401.0,0,2019-08-05 21:01
401.0,0,2019-08-05 21:21
401,0,2019-08-05 21:41
401.0,0,2019-08-05 22:01
404.0,0,2019-08-05 22:21
400,0,2019-08-05 22:41
400.0,0,2019-08-05 23:01
401,0,2019-08-05 23:21
402,0.0,2019-08-05 23:41
403.0,0,2019-08-06 00:21
401,0,2019-08-06 00:41
403.0,0,2019-08-06 01:01
401.0,0,2019-08-06 01:21
401.0,0,2019-08-06 01:41
403.0,0,2019-08-06 02:01
405.0,0.0,2019-08-06 02:21
402.0,0,2019-08-06 02:41
401.0,0,2019-08-06 03:01
402.0,0,2019-08-06 03:21
400,0,2019-08-06 03:41
401.0,0,2019-08-06 04:01
401.0,0,2019-08-06 04:21
404.0,0,2019-08-06 04:41
400,0,2019-08-06 05:01
401.0,0,2019-08-06 05:21
401.0,0,2019-08-06 05:41
402.0,0.0,2019-08-06 06:01
400,0,2019-08-06 06:21
404,0,2019-08-06 06:41
404.0,0.0,2019-08-06 07:01
400,0,2019-08-06 07:21
401.0,0,2019-08-06 07:41
401.0,0.0,2019-08-06 08:01
401.0,0,2019-08-06 08:21
405.0,0.0,2019-08-06 08:41
407.0,1.0,2019-08-06 09:01
404.0,0.0,2019-08-06 09:21
407.0,1.0,2019-08-06 09:41
401.0,0,2019-08-06 10:01
404.0,1.0,2019-08-06 10:21
409.0,1.0,2019-08-06 10:41
406.0,0.0,2019-08-06 11:01
401.0,0.0,2019-08-06 11:21
401.0,0,2019-08-06 11:41
404.0,0,2019-08-06 11:51
403,0.0,2019-08-06 11:59
402,0.0,2019-08-06 12:01
402.0,0,2019-08-06 12:03
404.0,0.0,2019-08-06 12:14
416.0,2.0,2019-08-06 12:17
403.0,0.0,2019-08-06 12:21
402.0,0,2019-08-06 12:25
417.0,2.0,2019-08-06 12:28
413.0,2.0,2019-08-06 12:41
433.0,5.0,2019-08-06 12:52
400.0,0,2019-08-06 12:55
405.0,0.0,2019-08-06 12:58
419.0,3.0,2019-08-06 13:00
428.0,4.0,2019-08-06 13:01
407.0,0.0,2019-08-06 13:03
400,0,2019-08-06 13:21
401.0,0,2019-08-06 13:41
413.0,1.0,2019-08-06 14:01
414.0,2.0,2019-08-06 14:21
401.0,0,2019-08-06 14:41
404.0,0.0,2019-08-06 15:01
408.0,1.0,2019-08-06 15:21
408.0,1.0,2019-08-06 15:41
403.0,0.0,2019-08-06 16:01
403.0,0.0,2019-08-06 16:21
406.0,1.0,2019-08-06 16:41
402.0,0.0,2019-08-06 17:01
406.0,1.0,2019-08-06 17:11
404.0,0.0,2019-08-06 17:21
407.0,1.0,2019-08-06 17:36
403,0.0,2019-08-06 17:41
402.0,0,2019-08-06 17:56
407.0,1.0,2019-08-06 18:01
406.0,1.0,2019-08-06 18:21
407.0,1.0,2019-08-06 18:29
402.0,0.0,2019-08-06 18:41
424.0,3.0,2019-08-06 19:01
404.0,0.0,2019-08-06 19:21
409.0,1.0,2019-08-06 19:41
403.0,0.0,2019-08-06 20:01
404.0,0.0,2019-08-06 20:21
413.0,1.0,2019-08-06 20:41
405.0,1.0,2019-08-06 21:01
407.0,1.0,2019-08-06 21:21
400.0,0,2019-08-06 22:01
402.0,0,2019-08-06 22:21
402.0,0,2019-08-06 23:01
402.0,0,2019-08-06 23:21
404.0,0.0,2019-08-06 23:41
403.0,0,2019-08-07 00:01
406.0,0.0,2019-08-07 00:21
406.0,0.0,2019-08-07 00:41
402.0,0,2019-08-07 01:01
401.0,0,2019-08-07 01:21
400.0,0,2019-08-07 01:41
402.0,0,2019-08-07 02:01
401,0,2019-08-07 02:41
400.0,0,2019-08-07 03:01
401.0,0,2019-08-07 03:21
402.0,0,2019-08-07 03:41
401.0,0,2019-08-07 04:01
401.0,0,2019-08-07 04:21
401.0,0,2019-08-07 04:41
400.0,0,2019-08-07 05:01
400.0,0,2019-08-07 05:21
402.0,0,2019-08-07 05:41
402.0,0.0,2019-08-07 06:01
401.0,0,2019-08-07 06:21
403.0,0.0,2019-08-07 06:41
402.0,0,2019-08-07 07:01
403.0,0.0,2019-08-07 07:21
407.0,1.0,2019-08-07 07:41
411.0,1.0,2019-08-07 08:01
409.0,1.0,2019-08-07 08:21
406.0,1.0,2019-08-07 08:41
403.0,0.0,2019-08-07 09:01
403.0,0.0,2019-08-07 09:21
405.0,0.0,2019-08-07 09:41
404,0.0,2019-08-07 10:01
408.0,1,2019-08-07 10:21
404.0,0.0,2019-08-07 10:41
402.0,0.0,2019-08-07 11:01
430.0,4.0,2019-08-07 11:21
401.0,0,2019-08-07 11:41
405.0,0.0,2019-08-07 12:01
402.0,0,2019-08-07 12:21
407.0,1.0,2019-08-07 12:41
404.0,0.0,2019-08-07 13:01
410.0,1.0,2019-08-07 13:21
404.0,0.0,2019-08-07 13:41
406.0,1.0,2019-08-07 14:01
408.0,1.0,2019-08-07 14:21
404.0,0.0,2019-08-07 14:41
411.0,1.0,2019-08-07 15:01
405.0,1.0,2019-08-07 15:21
402.0,0,2019-08-07 15:41
403.0,0.0,2019-08-07 16:01
400,0,2019-08-07 16:21
403.0,0.0,2019-08-07 16:41
408.0,1.0,2019-08-07 17:01
404.0,0.0,2019-08-07 17:21
400.0,0.0,2019-08-07 17:41
406.0,0.0,2019-08-07 18:01
401.0,0,2019-08-07 18:21
402.0,0.0,2019-08-07 18:41
411.0,1.0,2019-08-07 19:01
409.0,1.0,2019-08-07 19:21
402.0,0.0,2019-08-07 19:41
407.0,0.0,2019-08-07 20:01
404.0,0.0,2019-08-07 20:21
401.0,0.0,2019-08-07 20:41
402.0,0,2019-08-07 21:01
401.0,0,2019-08-07 21:21
406.0,0.0,2019-08-07 21:41
400,0,2019-08-07 22:01
402.0,0,2019-08-07 22:41
400,0,2019-08-07 23:01
402,0,2019-08-07 23:21
402.0,0,2019-08-07 23:41
403.0,0,2019-08-08 00:01
400.0,0,2019-08-08 00:21
400,0,2019-08-08 00:41
403.0,0,2019-08-08 01:01
402.0,0,2019-08-08 01:21
401.0,0,2019-08-08 01:41
402.0,0,2019-08-08 02:01
400,0,2019-08-08 02:21
401.0,0,2019-08-08 02:41
402.0,0,2019-08-08 03:01
400.0,0,2019-08-08 03:42
400.0,0,2019-08-08 04:01
405.0,0,2019-08-08 04:21
401.0,0,2019-08-08 04:41
400,0,2019-08-08 05:01
402.0,0,2019-08-08 05:21
403.0,0,2019-08-08 05:41
402.0,0,2019-08-08 06:01
405.0,0,2019-08-08 06:21
401.0,0,2019-08-08 06:41
402.0,0,2019-08-08 07:01
404.0,0.0,2019-08-08 07:21
404,0.0,2019-08-08 07:41
401.0,0,2019-08-08 08:01
400.0,0,2019-08-08 08:21
401.0,0,2019-08-08 08:41
404.0,0.0,2019-08-08 09:01
405.0,0.0,2019-08-08 09:41
411.0,1,2019-08-08 10:01
406.0,0.0,2019-08-08 10:21
403.0,0.0,2019-08-08 10:41
405,1.0,2019-08-08 11:01
409,1.0,2019-08-08 11:21
401.0,0,2019-08-08 11:41
405.0,0.0,2019-08-08 12:01
403.0,0.0,2019-08-08 12:21
403.0,0.0,2019-08-08 12:41
404.0,0.0,2019-08-08 13:01
401,0,2019-08-08 13:21
402.0,0.0,2019-08-08 13:41
406.0,0.0,2019-08-08 14:01
403.0,0.0,2019-08-08 14:21
403.0,0.0,2019-08-08 14:41
403.0,0.0,2019-08-08 15:01
408.0,1.0,2019-08-08 15:21
405.0,0.0,2019-08-08 15:41
402.0,0.0,2019-08-08 16:01
401.0,0,2019-08-08 16:21
406.0,0.0,2019-08-08 16:41
403.0,0.0,2019-08-08 17:01
408.0,1.0,2019-08-08 17:21
405.0,0.0,2019-08-08 17:41
405.0,0.0,2019-08-08 18:01
402.0,0.0,2019-08-08 18:21
404.0,0.0,2019-08-08 18:41
400.0,0,2019-08-08 19:01
411.0,1.0,2019-08-08 19:21
401.0,0.0,2019-08-08 19:41
404.0,0.0,2019-08-08 20:01
405,0.0,2019-08-08 20:21
403.0,0,2019-08-08 20:41
404.0,0,2019-08-08 21:21
401.0,0,2019-08-08 22:01
402.0,0,2019-08-08 22:21
403.0,0.0,2019-08-08 22:41
400,0,2019-08-08 23:01
403.0,0,2019-08-08 23:21
404.0,0,2019-08-08 23:41
402.0,0,2019-08-09 00:01
400.0,0,2019-08-09 00:21
401.0,0,2019-08-09 00:41
400.0,0,2019-08-09 01:01
401.0,0,2019-08-09 01:21
403,0,2019-08-09 01:41
402.0,0,2019-08-09 02:01
400,0,2019-08-09 02:21
404.0,0,2019-08-09 02:41
400.0,0,2019-08-09 03:01
402.0,0,2019-08-09 03:21
404.0,0,2019-08-09 03:41
400,0,2019-08-09 04:01
404.0,0,2019-08-09 04:21
401.0,0,2019-08-09 04:41
404.0,0,2019-08-09 05:01
402.0,0,2019-08-09 05:21
403.0,0,2019-08-09 05:41
400,0,2019-08-09 06:01
402.0,0,2019-08-09 06:21
400,0,2019-08-09 06:41
400,0,2019-08-09 07:01
403.0,0.0,2019-08-09 07:21
402.0,0,2019-08-09 07:41
402.0,0,2019-08-09 08:01
400,0,2019-08-09 08:21
400,0,2019-08-09 08:41
401.0,0,2019-08-09 09:01
407.0,1.0,2019-08-09 09:21
404.0,0.0,2019-08-09 09:41
402.0,0,2019-08-09 10:01
403.0,0,2019-08-09 10:21
404.0,0,2019-08-09 10:41
402.0,0.0,2019-08-09 11:01
403.0,0,2019-08-09 11:21
402.0,0,2019-08-09 11:41
404.0,0,2019-08-09 12:01
403.0,0.0,2019-08-09 12:21
402.0,0,2019-08-09 12:41
404.0,0.0,2019-08-09 13:01
402.0,0,2019-08-09 13:21
400.0,0,2019-08-09 13:41
401.0,0,2019-08-09 14:01
404.0,0.0,2019-08-09 14:21
404.0,0,2019-08-09 14:41
402.0,0,2019-08-09 15:01
402.0,0.0,2019-08-09 15:21
409.0,1.0,2019-08-09 15:41
400,0,2019-08-09 16:01
401.0,0,2019-08-09 16:21
401.0,0,2019-08-09 16:41
402.0,0,2019-08-09 17:01
401.0,0,2019-08-09 17:21
405.0,1.0,2019-08-09 17:41
402.0,0,2019-08-09 18:01
401,0.0,2019-08-09 18:21
404.0,0.0,2019-08-09 18:41
418.0,2.0,2019-08-09 19:01
405.0,0.0,2019-08-09 19:21
400.0,0,2019-08-09 19:41
401.0,0,2019-08-09 20:01
401.0,0,2019-08-09 20:21
404.0,0,2019-08-09 20:41
402.0,0,2019-08-09 21:01
404.0,1.0,2019-08-09 21:21
401.0,0.0,2019-08-09 21:41
403.0,0.0,2019-08-09 22:01
404.0,0,2019-08-09 22:21
401.0,0,2019-08-09 22:41
401.0,0,2019-08-09 23:01
402.0,0,2019-08-09 23:21
400,0,2019-08-09 23:41
400,0,2019-08-10 00:01
402.0,0,2019-08-10 00:21
402.0,0,2019-08-10 00:41
405.0,0,2019-08-10 01:01
402,0,2019-08-10 01:21
402.0,0,2019-08-10 01:41
400,0,2019-08-10 02:01
401.0,0,2019-08-10 02:21
401,0,2019-08-10 02:41
405.0,0,2019-08-10 03:01
400,0,2019-08-10 03:21
400,0,2019-08-10 03:41
403.0,0,2019-08-10 04:01
402.0,0,2019-08-10 04:21
401.0,0,2019-08-10 04:41
401.0,0,2019-08-10 05:01
402.0,0.0,2019-08-10 05:21
404.0,0.0,2019-08-10 05:41
404.0,0.0,2019-08-10 06:01
404.0,0.0,2019-08-10 06:21
400,0,2019-08-10 06:41
402.0,0,2019-08-10 07:01
402.0,0,2019-08-10 07:21
402.0,0,2019-08-10 07:41
402.0,0,2019-08-10 08:01
406.0,0.0,2019-08-10 08:21
404.0,0,2019-08-10 08:41
402.0,0,2019-08-10 09:01
403.0,0,2019-08-10 09:21
402.0,0,2019-08-10 09:41
404.0,0.0,2019-08-10 10:01
402,0,2019-08-10 10:21
400.0,0,2019-08-10 10:41
402.0,0,2019-08-10 11:01
402.0,0,2019-08-10 11:21
404.0,0.0,2019-08-10 11:41
400,0,2019-08-10 12:01
402.0,0.0,2019-08-10 12:21
404.0,0.0,2019-08-10 12:41
402.0,0,2019-08-10 13:01
403.0,0.0,2019-08-10 13:21
402.0,0,2019-08-10 13:41
400.0,0,2019-08-10 14:01
403.0,0.0,2019-08-10 14:21
415.0,2.0,2019-08-10 14:41
405.0,0.0,2019-08-10 15:01
409.0,1.0,2019-08-10 15:21
405.0,0.0,2019-08-10 15:41
401.0,0.0,2019-08-10 16:01
414.0,2.0,2019-08-10 16:21
410.0,1.0,2019-08-10 16:41
401.0,0,2019-08-10 17:01
401,0,2019-08-10 17:21
403.0,0.0,2019-08-10 17:41
401.0,0,2019-08-10 18:01
408.0,1,2019-08-10 18:41
401.0,0,2019-08-10 19:01
401.0,0,2019-08-10 19:41
403.0,0.0,2019-08-10 20:01
401.0,0,2019-08-10 20:21
402.0,0,2019-08-10 20:41
403.0,0.0,2019-08-10 21:01
400,0,2019-08-10 21:21
402.0,0.0,2019-08-10 21:41
402.0,0.0,2019-08-10 22:01
402.0,0,2019-08-10 22:21
401.0,0,2019-08-10 22:41
401.0,0,2019-08-10 23:01
405,0,2019-08-10 23:21
404.0,0,2019-08-10 23:41
402.0,0,2019-08-11 00:01
402.0,0,2019-08-11 00:21
404.0,0,2019-08-11 00:41
404.0,0,2019-08-11 01:01
401.0,0,2019-08-11 01:21
402.0,0.0,2019-08-11 01:41
400,0,2019-08-11 02:01
402.0,0,2019-08-11 02:21
400,0,2019-08-11 02:41
404.0,0,2019-08-11 03:01
404.0,0,2019-08-11 03:21
402.0,0,2019-08-11 03:41
401.0,0,2019-08-11 04:01
402.0,0,2019-08-11 04:21
401,0,2019-08-11 04:41
400,0,2019-08-11 05:01
402.0,0,2019-08-11 05:21
402.0,0,2019-08-11 05:41
402.0,0,2019-08-11 06:01
402.0,0.0,2019-08-11 06:21
401.0,0,2019-08-11 06:41
401.0,0,2019-08-11 07:01
403.0,0,2019-08-11 07:21
403.0,0.0,2019-08-11 07:41
404.0,0.0,2019-08-11 08:01
400.0,0,2019-08-11 08:21
402.0,0,2019-08-11 08:41
403.0,0,2019-08-11 09:01
402.0,0,2019-08-11 09:21
402.0,0.0,2019-08-11 09:41
406.0,0.0,2019-08-11 10:01
407.0,1.0,2019-08-11 10:21
403.0,0,2019-08-11 11:01
403.0,0.0,2019-08-11 11:21
405.0,0.0,2019-08-11 11:41
400.0,0,2019-08-11 12:01
400.0,0,2019-08-11 12:21
405.0,0,2019-08-11 12:41
402.0,0,2019-08-11 13:01
404.0,0,2019-08-11 13:21
406.0,0.0,2019-08-11 13:41
401.0,0,2019-08-11 14:01
402.0,0,2019-08-11 14:21
401.0,0,2019-08-11 14:41
407.0,1.0,2019-08-11 15:01
401.0,0.0,2019-08-11 15:21
403.0,0.0,2019-08-11 15:41
407.0,1.0,2019-08-11 16:01
406.0,0.0,2019-08-11 16:21
409.0,1,2019-08-11 16:41
410.0,1.0,2019-08-11 17:01
410.0,1.0,2019-08-11 17:21
404.0,0.0,2019-08-11 17:41
408.0,1.0,2019-08-11 18:01
404.0,0.0,2019-08-11 18:21
401.0,0,2019-08-11 18:41
400.0,0,2019-08-11 19:01
403.0,0,2019-08-11 19:21
403.0,0,2019-08-11 19:41
401,0,2019-08-11 20:01
400,0,2019-08-11 20:21
403.0,0,2019-08-11 20:41
400,0,2019-08-11 21:01
401.0,0,2019-08-11 21:21
400,0,2019-08-11 21:41
403.0,0.0,2019-08-11 22:01
406,0,2019-08-11 22:21
403.0,0,2019-08-11 22:41
400.0,0,2019-08-11 23:01
402.0,0,2019-08-11 23:21
408.0,1.0,2019-08-11 23:41
401.0,0,2019-08-12 00:01
402.0,0,2019-08-12 00:21
400.0,0,2019-08-12 00:41
400,0,2019-08-12 01:01
400.0,0,2019-08-12 01:21
401.0,0,2019-08-12 01:41
400,0,2019-08-12 02:01
404.0,0,2019-08-12 02:21
404.0,0,2019-08-12 02:41
401.0,0,2019-08-12 03:01
404.0,0,2019-08-12 03:21
400.0,0,2019-08-12 03:41
402.0,0,2019-08-12 04:01
401.0,0,2019-08-12 04:21
400,0,2019-08-12 04:41
403.0,0,2019-08-12 05:01
401.0,0,2019-08-12 05:41
400,0,2019-08-12 06:01
402.0,0,2019-08-12 06:21
403.0,0,2019-08-12 06:41
400.0,0,2019-08-12 07:01
400.0,0,2019-08-12 07:21
401.0,0,2019-08-12 07:41
405.0,1.0,2019-08-12 08:01
404.0,0.0,2019-08-12 08:21
401.0,0,2019-08-12 08:41
421.0,3.0,2019-08-12 09:01
408.0,1.0,2019-08-12 09:21
433.0,4.0,2019-08-12 09:41
405.0,0.0,2019-08-12 10:01
401.0,0,2019-08-12 10:41
418.0,2.0,2019-08-12 11:21
401.0,0,2019-08-12 11:41
404.0,0.0,2019-08-12 12:01
403.0,0.0,2019-08-12 12:21
405.0,0.0,2019-08-12 12:41
403.0,0.0,2019-08-12 13:01
400.0,0,2019-08-12 13:21
415.0,2.0,2019-08-12 13:41
406,0.0,2019-08-12 14:01
402.0,0,2019-08-12 14:21
401.0,0.0,2019-08-12 14:41
403.0,0.0,2019-08-12 15:01
401.0,0,2019-08-12 15:21
400.0,0,2019-08-12 15:41
401.0,0,2019-08-12 16:01
404.0,0.0,2019-08-12 16:21
407.0,1.0,2019-08-12 16:41
401.0,0,2019-08-12 17:01
402.0,0.0,2019-08-12 17:21
405.0,0.0,2019-08-12 17:41
405.0,0.0,2019-08-12 18:01
402.0,0.0,2019-08-12 18:21
403.0,0.0,2019-08-12 18:41
402.0,0,2019-08-12 19:01
412.0,1.0,2019-08-12 19:41
402.0,0,2019-08-12 20:01
401.0,0,2019-08-12 20:21
406.0,0.0,2019-08-12 20:41
404.0,0.0,2019-08-12 21:01
402.0,0.0,2019-08-12 21:21
401.0,0,2019-08-12 21:41
400,0,2019-08-12 22:01
403.0,0.0,2019-08-12 22:21
400,0,2019-08-12 22:41
404.0,0.0,2019-08-12 23:01
406.0,0.0,2019-08-12 23:21
402.0,0,2019-08-12 23:41
402.0,0,2019-08-13 00:01
403.0,0,2019-08-13 00:21
403.0,0.0,2019-08-13 00:41
402.0,0,2019-08-13 01:01
403.0,0,2019-08-13 01:21
401.0,0,2019-08-13 01:41
400,0,2019-08-13 02:01
402.0,0,2019-08-13 02:21
402.0,0,2019-08-13 02:41
401.0,0,2019-08-13 03:01
403.0,0.0,2019-08-13 03:21
401,0,2019-08-13 04:01
402.0,0,2019-08-13 04:21
400.0,0,2019-08-13 04:41
400,0,2019-08-13 05:01
403.0,0,2019-08-13 05:21
401.0,0,2019-08-13 05:41
400,0,2019-08-13 06:01
403.0,0.0,2019-08-13 06:21
401.0,0,2019-08-13 06:41
404.0,0,2019-08-13 07:01
401,0,2019-08-13 07:21
403.0,0.0,2019-08-13 07:41
403.0,0.0,2019-08-13 08:01
406.0,0.0,2019-08-13 08:21
403.0,0.0,2019-08-13 08:41
411.0,1.0,2019-08-13 09:01
402.0,0,2019-08-13 09:21
411.0,1.0,2019-08-13 09:41
404.0,0.0,2019-08-13 10:01
407.0,0.0,2019-08-13 10:21
402.0,0,2019-08-13 11:01
404.0,0.0,2019-08-13 11:21
402.0,0,2019-08-13 11:41
401.0,0,2019-08-13 12:01
401.0,0,2019-08-13 12:21
402.0,0,2019-08-13 12:41
406.0,0.0,2019-08-13 13:01
401.0,0,2019-08-13 13:21
406.0,0.0,2019-08-13 13:41
409.0,1.0,2019-08-13 14:01
401.0,0.0,2019-08-13 14:21
402.0,0,2019-08-13 14:41
402.0,0,2019-08-13 15:21
400,0,2019-08-13 15:41
404.0,0.0,2019-08-13 16:01
404.0,0.0,2019-08-13 16:21
403.0,0.0,2019-08-13 17:01
403.0,0.0,2019-08-13 17:21
403.0,0.0,2019-08-13 17:41
403.0,0.0,2019-08-13 18:01
401.0,0,2019-08-13 18:21
400.0,0,2019-08-13 18:41
404.0,0.0,2019-08-13 19:01
406.0,0.0,2019-08-13 19:21
401.0,0,2019-08-13 19:41
402.0,0,2019-08-13 20:01
404.0,0,2019-08-13 20:21
402.0,0.0,2019-08-13 20:41
403,0.0,2019-08-13 21:01
400.0,0,2019-08-13 21:21
407.0,1.0,2019-08-13 21:41
404,0,2019-08-13 22:01
402.0,0.0,2019-08-13 22:21
403.0,0.0,2019-08-13 22:41
403.0,0,2019-08-13 23:01
404.0,0.0,2019-08-13 23:21
400.0,0,2019-08-13 23:41
405.0,0.0,2019-08-14 00:01
402.0,0,2019-08-14 00:21
404.0,0,2019-08-14 00:41
401.0,0,2019-08-14 01:01
401,0,2019-08-14 01:21
401.0,0,2019-08-14 01:41
400.0,0,2019-08-14 02:01
402.0,0,2019-08-14 02:21
400,0,2019-08-14 02:41
403.0,0,2019-08-14 03:01
400,0,2019-08-14 03:21
403.0,0,2019-08-14 03:41
400.0,0.0,2019-08-14 04:01
403.0,0,2019-08-14 04:21
401.0,0,2019-08-14 04:41
404.0,0,2019-08-14 05:01
404.0,0.0,2019-08-14 05:21
402.0,0.0,2019-08-14 05:41
400,0,2019-08-14 06:01
403.0,0,2019-08-14 06:21
405.0,0,2019-08-14 06:41
401.0,0,2019-08-14 07:01
411.0,1.0,2019-08-14 07:21
406.0,1.0,2019-08-14 07:41
403.0,0.0,2019-08-14 08:01
408.0,1.0,2019-08-14 08:21
405.0,1.0,2019-08-14 09:01
401.0,0,2019-08-14 09:21
402.0,0.0,2019-08-14 09:41
403.0,0.0,2019-08-14 10:01
404.0,0.0,2019-08-14 10:21
400.0,0,2019-08-14 10:41
403.0,0,2019-08-14 11:01
401.0,0,2019-08-14 11:21
404.0,0.0,2019-08-14 12:01
406.0,1.0,2019-08-14 12:21
403.0,0.0,2019-08-14 12:41
403.0,0.0,2019-08-14 13:01
401.0,0,2019-08-14 13:21
407.0,1.0,2019-08-14 13:41
402.0,0,2019-08-14 14:01
411.0,1.0,2019-08-14 14:21
406.0,1.0,2019-08-14 14:41
407.0,1.0,2019-08-14 15:01
414.0,2.0,2019-08-14 15:21
407,1.0,2019-08-14 15:41
406.0,0.0,2019-08-14 16:01
400.0,0,2019-08-14 16:21
404.0,0,2019-08-14 16:41
401.0,0,2019-08-14 17:01
410.0,1.0,2019-08-14 17:21
400.0,0,2019-08-14 17:41
404.0,0.0,2019-08-14 18:01
403.0,0.0,2019-08-14 18:21
405.0,0.0,2019-08-14 18:41
401.0,0,2019-08-14 19:01
405.0,0.0,2019-08-14 19:21
403.0,0,2019-08-14 19:41
401.0,0,2019-08-14 20:01
405.0,0,2019-08-14 20:21
402.0,0,2019-08-14 20:41
400.0,0,2019-08-14 21:01
400.0,0,2019-08-14 21:21
403.0,0,2019-08-14 21:41
402.0,0.0,2019-08-14 22:01
400.0,0,2019-08-14 22:21
400.0,0,2019-08-14 22:41
400.0,0,2019-08-14 23:01
401.0,0,2019-08-14 23:21
401,0,2019-08-14 23:41
403.0,0,2019-08-15 00:01
410.0,1.0,2019-08-15 00:21
404.0,0.0,2019-08-15 00:41
403.0,0.0,2019-08-15 01:01
403.0,0,2019-08-15 01:21
411.0,1.0,2019-08-15 01:41
402.0,0,2019-08-15 02:01
403.0,0,2019-08-15 02:21
402.0,0,2019-08-15 02:41
401.0,0,2019-08-15 03:01
401.0,0,2019-08-15 03:21
400.0,0,2019-08-15 03:41
403.0,0,2019-08-15 04:01
402.0,0,2019-08-15 04:21
403.0,0,2019-08-15 04:41
400,0,2019-08-15 05:01
400,0,2019-08-15 05:21
404.0,0,2019-08-15 05:41
401.0,0,2019-08-15 06:01
402.0,0,2019-08-15 06:21
404.0,0,2019-08-15 06:41
400.0,0,2019-08-15 07:01
404.0,0.0,2019-08-15 07:21
402.0,0.0,2019-08-15 07:41
407.0,1.0,2019-08-15 08:01
410.0,1.0,2019-08-15 08:21
406.0,1.0,2019-08-15 08:41
405.0,0.0,2019-08-15 09:01
413.0,2.0,2019-08-15 09:21
411.0,1.0,2019-08-15 09:41
404.0,0.0,2019-08-15 10:01
412.0,2.0,2019-08-15 10:21
405.0,0.0,2019-08-15 10:41
403.0,0.0,2019-08-15 11:01
407.0,1.0,2019-08-15 11:21
402.0,0,2019-08-15 11:41
403.0,0,2019-08-15 12:01
401.0,0,2019-08-15 12:21
402.0,0.0,2019-08-15 12:41
404.0,0.0,2019-08-15 13:01
403.0,0.0,2019-08-15 14:01
410.0,1.0,2019-08-15 14:21
403.0,0.0,2019-08-15 14:41
401.0,0,2019-08-15 15:01
408.0,1.0,2019-08-15 15:21
404.0,0.0,2019-08-15 15:41
404.0,0.0,2019-08-15 16:01
409.0,1.0,2019-08-15 16:21
404.0,0,2019-08-15 16:41
404.0,0.0,2019-08-15 17:01
404.0,0.0,2019-08-15 17:21
403,0.0,2019-08-15 17:41
409.0,1.0,2019-08-15 18:01
402.0,0,2019-08-15 18:21
404.0,0.0,2019-08-15 18:41
403,0.0,2019-08-15 19:01
404.0,0.0,2019-08-15 19:21
403.0,0.0,2019-08-15 19:41
403.0,0.0,2019-08-15 20:01
401.0,0,2019-08-15 20:21
415.0,2.0,2019-08-15 20:41
401.0,0,2019-08-15 21:01
402.0,0,2019-08-15 21:21
403.0,0.0,2019-08-15 21:41
405.0,0.0,2019-08-15 22:01
400,0,2019-08-15 22:21
400.0,0,2019-08-15 22:41
403.0,0,2019-08-15 23:01
402,0,2019-08-15 23:21
401.0,0,2019-08-15 23:41
402.0,0,2019-08-16 00:01
402.0,0,2019-08-16 00:21
402.0,0,2019-08-16 00:41
403.0,0,2019-08-16 01:01
402.0,0,2019-08-16 01:21
400.0,0,2019-08-16 01:41
405.0,0,2019-08-16 02:01
401.0,0,2019-08-16 02:21
400.0,0,2019-08-16 02:41
403.0,0.0,2019-08-16 03:01
404.0,0,2019-08-16 03:21
400.0,0,2019-08-16 03:41
402.0,0,2019-08-16 04:01
404.0,0,2019-08-16 04:21
402.0,0,2019-08-16 04:41
400.0,0,2019-08-16 05:01
404.0,0,2019-08-16 05:21
404.0,0,2019-08-16 05:41
402.0,0.0,2019-08-16 06:01
401.0,0,2019-08-16 06:21
401.0,0,2019-08-16 06:41
400,0,2019-08-16 07:01
403.0,0,2019-08-16 07:21
400.0,0,2019-08-16 07:41
402.0,0,2019-08-16 08:01
400,0,2019-08-16 08:21
403.0,0,2019-08-16 08:41
404.0,0.0,2019-08-16 09:01
400,0,2019-08-16 09:21
405.0,0.0,2019-08-16 10:01
404.0,0.0,2019-08-16 10:21
403.0,0,2019-08-16 10:41
405.0,1.0,2019-08-16 11:01
400.0,0,2019-08-16 11:21
405.0,0.0,2019-08-16 11:41
400.0,0,2019-08-16 12:01
401,0,2019-08-16 12:21
400.0,0,2019-08-16 12:41
401.0,0.0,2019-08-16 13:01
406.0,1.0,2019-08-16 13:21
405.0,0.0,2019-08-16 13:41
417.0,2.0,2019-08-16 14:01
403,0.0,2019-08-16 14:21
406.0,0.0,2019-08-16 15:01
406.0,0.0,2019-08-16 15:21
400.0,0,2019-08-16 15:41
407.0,1.0,2019-08-16 16:21
405,0.0,2019-08-16 16:41
404.0,0.0,2019-08-16 17:01
407.0,1.0,2019-08-16 17:21
405,0.0,2019-08-16 17:41
404.0,0.0,2019-08-16 18:01
401.0,0,2019-08-16 18:21
402.0,0,2019-08-16 18:41
400.0,0,2019-08-16 19:01
401.0,0,2019-08-16 19:21
402.0,0,2019-08-16 19:41
411.0,1.0,2019-08-16 20:01
404.0,0.0,2019-08-16 20:21
406.0,0,2019-08-16 20:41
404.0,0.0,2019-08-16 21:01
401.0,0,2019-08-16 21:21
404.0,0,2019-08-16 21:41
401.0,0,2019-08-16 22:01
402,0,2019-08-16 22:21
404.0,0,2019-08-16 22:41
404.0,0.0,2019-08-16 23:01
400.0,0,2019-08-16 23:21
400.0,0,2019-08-16 23:41
403.0,0,2019-08-17 00:01
405,0,2019-08-17 00:21
405.0,1.0,2019-08-17 00:41
400.0,0,2019-08-17 01:01
401.0,0,2019-08-17 01:21
402.0,0,2019-08-17 01:41
403.0,0,2019-08-17 02:01
403.0,0,2019-08-17 02:21
401.0,0,2019-08-17 02:41
400,0,2019-08-17 03:01
402.0,0,2019-08-17 03:21
402.0,0,2019-08-17 03:41
402.0,0,2019-08-17 04:01
400,0,2019-08-17 04:21
404.0,0,2019-08-17 04:41
400.0,0,2019-08-17 05:01
402.0,0,2019-08-17 05:21
401.0,0,2019-08-17 05:41
402.0,0,2019-08-17 06:01
401.0,0,2019-08-17 06:21
400,0,2019-08-17 06:41
401.0,0,2019-08-17 07:01
401.0,0,2019-08-17 07:21
403.0,0,2019-08-17 07:41
402.0,0,2019-08-17 08:01
401,0,2019-08-17 08:21
406.0,1.0,2019-08-17 08:41
401.0,0,2019-08-17 09:01
402.0,0,2019-08-17 09:21
402.0,0,2019-08-17 09:41
404.0,0,2019-08-17 10:01
405,0,2019-08-17 10:21
403.0,0,2019-08-17 10:41
400,0,2019-08-17 11:01
403.0,0,2019-08-17 11:21
400.0,0,2019-08-17 12:01
403.0,0.0,2019-08-17 12:21
401.0,0,2019-08-17 12:41
401.0,0,2019-08-17 13:01
414.0,2.0,2019-08-17 13:21
400.0,0,2019-08-17 13:41
406.0,0.0,2019-08-17 14:01
402.0,0,2019-08-17 14:21
401.0,0,2019-08-17 14:41
401.0,0,2019-08-17 15:01
402.0,0,2019-08-17 15:21
403.0,0.0,2019-08-17 15:41
401.0,0,2019-08-17 16:01
405.0,0.0,2019-08-17 16:21
401.0,0,2019-08-17 16:41
406.0,0.0,2019-08-17 17:01
410.0,1.0,2019-08-17 17:21
400.0,0,2019-08-17 17:41
402.0,0.0,2019-08-17 18:01
405.0,0.0,2019-08-17 18:21
400,0,2019-08-17 18:41
421.0,3.0,2019-08-17 19:01
405.0,0.0,2019-08-17 19:21
405.0,0.0,2019-08-17 19:41
402.0,0,2019-08-17 20:01
405.0,0.0,2019-08-17 20:21
403,0.0,2019-08-17 20:41
402.0,0,2019-08-17 21:01
401.0,0,2019-08-17 21:21
404.0,0.0,2019-08-17 21:41
402.0,0,2019-08-17 22:01
401.0,0,2019-08-17 22:21
400,0,2019-08-17 22:41
402,0,2019-08-17 23:01
405.0,0,2019-08-17 23:21
402.0,0,2019-08-17 23:41
404.0,0.0,2019-08-18 00:01
401.0,0,2019-08-18 00:21
401.0,0,2019-08-18 00:41
400.0,0,2019-08-18 01:01
400,0,2019-08-18 01:21
402.0,0,2019-08-18 01:41
407.0,0.0,2019-08-18 02:01
405.0,0.0,2019-08-18 02:21
402.0,0,2019-08-18 02:41
400.0,0,2019-08-18 03:01
404.0,0,2019-08-18 03:21
400,0,2019-08-18 03:41
400,0,2019-08-18 04:01
403.0,0,2019-08-18 04:21
405,0,2019-08-18 04:41
402.0,0,2019-08-18 05:01
402,0,2019-08-18 05:21
401.0,0,2019-08-18 05:41
403.0,0,2019-08-18 06:01
401.0,0,2019-08-18 06:21
401.0,0,2019-08-18 06:41
402.0,0,2019-08-18 07:01
401.0,0,2019-08-18 07:21
401.0,0,2019-08-18 07:41
403,0.0,2019-08-18 08:01
404.0,0.0,2019-08-18 08:21
401.0,0,2019-08-18 08:41
402.0,0,2019-08-18 09:01
402.0,0.0,2019-08-18 09:21
405.0,0.0,2019-08-18 09:41
401.0,0,2019-08-18 10:01
402.0,0.0,2019-08-18 10:21
401.0,0,2019-08-18 10:41
408.0,1.0,2019-08-18 11:01
400,0,2019-08-18 11:21
404.0,0.0,2019-08-18 11:41
411.0,1.0,2019-08-18 12:01
402.0,0,2019-08-18 12:21
401.0,0,2019-08-18 12:41
403.0,0.0,2019-08-18 13:21
403.0,0,2019-08-18 13:41
402.0,0.0,2019-08-18 14:01
404.0,1.0,2019-08-18 14:21
401.0,0,2019-08-18 14:41
403.0,0,2019-08-18 15:01
401,0,2019-08-18 15:21
401.0,0.0,2019-08-18 15:41
402.0,0.0,2019-08-18 16:01
401,0,2019-08-18 16:21
412.0,2.0,2019-08-18 16:41
411.0,1.0,2019-08-18 17:01
400.0,0,2019-08-18 17:21
415.0,2.0,2019-08-18 17:41
401.0,0,2019-08-18 18:21
401.0,0,2019-08-18 18:41
400.0,0,2019-08-18 19:01
407.0,1.0,2019-08-18 19:21
401.0,0,2019-08-18 19:41
404.0,0.0,2019-08-18 20:01
400.0,0,2019-08-18 20:21
405.0,0.0,2019-08-18 20:41
401.0,0,2019-08-18 21:01
400,0,2019-08-18 21:21
402.0,0,2019-08-18 21:41
400,0,2019-08-18 22:01
401.0,0,2019-08-18 22:21
402.0,0,2019-08-18 22:41
401.0,0,2019-08-18 23:01
403.0,0,2019-08-18 23:21
402.0,0,2019-08-18 23:41
404.0,0,2019-08-19 00:01
405,0,2019-08-19 00:21
403.0,0,2019-08-19 00:41
402.0,0,2019-08-19 01:01
400.0,0,2019-08-19 01:21
400.0,0,2019-08-19 01:41
400,0,2019-08-19 02:01
402.0,0,2019-08-19 02:21
401.0,0,2019-08-19 02:41
404.0,0,2019-08-19 03:01
402.0,0,2019-08-19 03:21
401.0,0,2019-08-19 03:41
400.0,0,2019-08-19 04:01
402.0,0,2019-08-19 04:21
400.0,0.0,2019-08-19 04:41
400,0,2019-08-19 05:01
400,0,2019-08-19 05:21
402,0,2019-08-19 05:41
402.0,0,2019-08-19 06:01
403.0,0,2019-08-19 06:21
401.0,0,2019-08-19 06:41
401.0,0,2019-08-19 07:01
405.0,0.0,2019-08-19 07:21
405.0,0,2019-08-19 07:31
402.0,0,2019-08-19 07:41
400.0,0,2019-08-19 07:51
401.0,0.0,2019-08-19 08:01
402.0,0,2019-08-19 08:11
404.0,0,2019-08-19 08:21
404.0,1.0,2019-08-19 08:31
402.0,0,2019-08-19 08:41
404.0,0.0,2019-08-19 08:51
403.0,0,2019-08-19 09:01
403.0,0.0,2019-08-19 09:11
400,0,2019-08-19 09:21
400.0,0,2019-08-19 09:31
402.0,0.0,2019-08-19 09:41
404.0,0,2019-08-19 09:51
416.0,2.0,2019-08-19 10:01
413.0,2.0,2019-08-19 10:11
402.0,0,2019-08-19 10:21
409.0,1.0,2019-08-19 10:31
401.0,0,2019-08-19 10:41
409.0,1.0,2019-08-19 10:51
404.0,0.0,2019-08-19 11:01
409.0,1.0,2019-08-19 11:11
402.0,0.0,2019-08-19 11:21
404,0.0,2019-08-19 11:31
404.0,0.0,2019-08-19 11:51
407,1.0,2019-08-19 12:01
402.0,0,2019-08-19 12:11
403.0,0.0,2019-08-19 12:21
402.0,0.0,2019-08-19 12:31
402.0,0,2019-08-19 12:41
403.0,0.0,2019-08-19 12:51
401.0,0,2019-08-19 13:01
401.0,0,2019-08-19 13:11
406.0,1.0,2019-08-19 13:21
404.0,0.0,2019-08-19 13:31
400.0,0,2019-08-19 13:41
409.0,1,2019-08-19 13:51
405.0,0.0,2019-08-19 14:01
403.0,0.0,2019-08-19 14:11
404.0,0.0,2019-08-19 14:21
403.0,0.0,2019-08-19 14:31
401.0,0,2019-08-19 14:41
408.0,1.0,2019-08-19 14:51
406.0,1.0,2019-08-19 15:01
402.0,0,2019-08-19 15:11
403.0,0,2019-08-19 15:21
404.0,0.0,2019-08-19 15:31
420.0,3.0,2019-08-19 15:41
406.0,1.0,2019-08-19 15:51
407.0,1.0,2019-08-19 16:01
401.0,0,2019-08-19 16:11
405.0,0.0,2019-08-19 16:21
400,0,2019-08-19 16:31
401.0,0.0,2019-08-19 16:41
402.0,0.0,2019-08-19 16:51
409.0,1.0,2019-08-19 17:01
401,0,2019-08-19 17:11
401.0,0,2019-08-19 17:21
411.0,1.0,2019-08-19 17:31
400.0,0,2019-08-19 17:41
403,0.0,2019-08-19 17:51
401.0,0,2019-08-19 18:01
401.0,0,2019-08-19 18:11
402.0,0,2019-08-19 18:21
401.0,0,2019-08-19 18:31
414.0,1.0,2019-08-19 18:41
406.0,1.0,2019-08-19 18:51
405.0,0.0,2019-08-19 19:01
403.0,0.0,2019-08-19 19:11
402.0,0.0,2019-08-19 19:21
410.0,1.0,2019-08-19 19:41
403,0.0,2019-08-19 19:51
404.0,0.0,2019-08-19 20:01
402.0,0,2019-08-19 20:11
403.0,0.0,2019-08-19 20:21
413.0,2.0,2019-08-19 20:31
405.0,0.0,2019-08-19 20:41
406.0,0.0,2019-08-19 20:51
403.0,0,2019-08-19 21:01
401,0,2019-08-19 21:11
407.0,0.0,2019-08-19 21:21
407.0,0.0,2019-08-19 21:31
402.0,0,2019-08-19 21:41
401.0,0,2019-08-19 21:51
403.0,0,2019-08-19 22:01
401.0,0,2019-08-19 22:11
403.0,0,2019-08-19 22:21
401.0,0,2019-08-19 22:31
400.0,0,2019-08-19 22:41
401.0,0,2019-08-19 22:51
401.0,0,2019-08-19 23:01
403.0,0,2019-08-19 23:11
401.0,0,2019-08-19 23:21
400,0,2019-08-19 23:31
402,0,2019-08-19 23:41
400.0,0,2019-08-19 23:51
404.0,0,2019-08-20 00:01
405,0,2019-08-20 00:11
401.0,0,2019-08-20 00:21
401.0,0,2019-08-20 00:31
401.0,0,2019-08-20 00:41
402.0,0,2019-08-20 00:51
402.0,0,2019-08-20 01:01
400,0,2019-08-20 01:11
404.0,0,2019-08-20 01:21
400,0,2019-08-20 01:31
400.0,0,2019-08-20 01:41
401.0,0,2019-08-20 01:51
403.0,0,2019-08-20 02:01
400,0,2019-08-20 02:11
401.0,0,2019-08-20 02:21
400,0,2019-08-20 02:31
401.0,0,2019-08-20 02:41
402.0,0,2019-08-20 02:51
401.0,0,2019-08-20 03:01
400,0,2019-08-20 03:11
400.0,0,2019-08-20 03:21
401.0,0,2019-08-20 03:31
403.0,0,2019-08-20 03:41
402.0,0,2019-08-20 03:51
402.0,0,2019-08-20 04:01
401.0,0,2019-08-20 04:11
400,0,2019-08-20 04:21
402.0,0.0,2019-08-20 04:31
401.0,0,2019-08-20 04:41
402.0,0,2019-08-20 04:51
402.0,0,2019-08-20 05:01
404.0,0,2019-08-20 05:11
402.0,0,2019-08-20 05:21
403.0,0,2019-08-20 05:31
403.0,0,2019-08-20 05:41
402.0,0,2019-08-20 05:51
402.0,0,2019-08-20 06:01
401.0,0,2019-08-20 06:11
402.0,0,2019-08-20 06:21
400.0,0.0,2019-08-20 06:31
400,0,2019-08-20 06:41
401.0,0,2019-08-20 06:51
400,0,2019-08-20 07:01
405.0,0.0,2019-08-20 07:11
400.0,0,2019-08-20 07:21
402.0,0,2019-08-20 07:31
406.0,0.0,2019-08-20 07:41
402.0,0,2019-08-20 07:51
403,0,2019-08-20 08:01
403.0,0,2019-08-20 08:11
402.0,0,2019-08-20 08:21
400,0,2019-08-20 08:31
402.0,0,2019-08-20 08:41
403.0,0.0,2019-08-20 08:51
403.0,0,2019-08-20 09:01
401,0,2019-08-20 09:11
402.0,0,2019-08-20 09:21
401.0,0,2019-08-20 09:31
402,0.0,2019-08-20 09:41
406,0.0,2019-08-20 09:51
405.0,0.0,2019-08-20 10:01
400.0,0,2019-08-20 10:11
405.0,0.0,2019-08-20 10:21
400.0,0,2019-08-20 10:31
400.0,0,2019-08-20 10:41
400,0,2019-08-20 10:51
407.0,1.0,2019-08-20 11:01
401.0,0,2019-08-20 11:11
408.0,1.0,2019-08-20 11:21
409.0,1.0,2019-08-20 11:31
401.0,0.0,2019-08-20 11:41
417.0,2.0,2019-08-20 11:51
414,2.0,2019-08-20 12:01
401.0,0,2019-08-20 12:11
404.0,0.0,2019-08-20 12:21
401.0,0,2019-08-20 12:31
403,0.0,2019-08-20 12:41
403.0,0.0,2019-08-20 12:51
404.0,0.0,2019-08-20 13:01
408.0,1.0,2019-08-20 13:21
412.0,1.0,2019-08-20 13:41
400,0,2019-08-20 14:01
403.0,0.0,2019-08-20 14:21
402.0,0.0,2019-08-20 14:41
408.0,1.0,2019-08-20 15:01
402.0,0.0,2019-08-20 15:21
401.0,0,2019-08-20 15:41
400.0,0,2019-08-20 16:01
432.0,4.0,2019-08-20 16:21
413.0,1.0,2019-08-20 16:41
402.0,0,2019-08-20 17:01
401,0,2019-08-20 17:21
404.0,0,2019-08-20 17:41
403.0,0,2019-08-20 18:01
402.0,0,2019-08-20 18:21
403.0,0.0,2019-08-20 18:41
410.0,1.0,2019-08-20 19:01
404.0,0,2019-08-20 19:21
404.0,0.0,2019-08-20 19:41
404.0,0.0,2019-08-20 20:01
404.0,0.0,2019-08-20 20:21
403.0,0.0,2019-08-20 20:41
401.0,0,2019-08-20 21:01
400.0,0,2019-08-20 21:21
403.0,0,2019-08-20 21:41
405.0,0,2019-08-20 22:01
400.0,0,2019-08-20 22:21
404.0,0,2019-08-20 22:41
402.0,0,2019-08-20 23:01
400.0,0,2019-08-20 23:21
400.0,0,2019-08-20 23:41
401.0,0,2019-08-21 00:01
400.0,0,2019-08-21 00:21
401.0,0.0,2019-08-21 00:41
402.0,0,2019-08-21 01:01
401.0,0,2019-08-21 01:21
401.0,0,2019-08-21 01:41
402.0,0,2019-08-21 02:01
403.0,0,2019-08-21 02:21
404.0,0,2019-08-21 02:41
400.0,0,2019-08-21 03:01
401.0,0,2019-08-21 03:21
401.0,0,2019-08-21 03:41
400.0,0,2019-08-21 04:01
402.0,0,2019-08-21 04:21
405.0,0.0,2019-08-21 04:41
405.0,0.0,2019-08-21 05:01
404.0,0.0,2019-08-21 05:21
406.0,0.0,2019-08-21 05:41
403,0.0,2019-08-21 06:01
404.0,0,2019-08-21 06:21
405.0,0.0,2019-08-21 06:41
404.0,0.0,2019-08-21 07:01
404.0,0.0,2019-08-21 07:21
404.0,0,2019-08-21 07:41
401.0,0,2019-08-21 08:01
402.0,0,2019-08-21 08:21
404.0,0,2019-08-21 08:41
402.0,0.0,2019-08-21 09:01
405,0.0,2019-08-21 09:21
405,0,2019-08-21 09:41
401.0,0,2019-08-21 10:01
404.0,0,2019-08-21 10:21
406.0,0.0,2019-08-21 10:41
402.0,0,2019-08-21 11:01
404.0,0.0,2019-08-21 11:21
403.0,0,2019-08-21 11:41
402.0,0,2019-08-21 12:01
401.0,0,2019-08-21 12:21
401.0,0,2019-08-21 12:41
401.0,0,2019-08-21 13:01
402.0,0.0,2019-08-21 13:21
400.0,0,2019-08-21 13:41
401.0,0,2019-08-21 14:01
408.0,1.0,2019-08-21 14:21
408.0,1,2019-08-21 14:41
404.0,0.0,2019-08-21 15:01
403.0,0,2019-08-21 15:21
402.0,0,2019-08-21 15:41
405.0,0.0,2019-08-21 16:01
400.0,0,2019-08-21 16:21
410.0,1.0,2019-08-21 16:41
403.0,0,2019-08-21 17:01
401,0,2019-08-21 17:21
400.0,0,2019-08-21 17:41
400.0,0,2019-08-21 18:01
402.0,0,2019-08-21 18:21
404.0,0,2019-08-21 18:41
404.0,0,2019-08-21 19:01
402.0,0,2019-08-21 19:21
401.0,0,2019-08-21 19:41
402.0,0,2019-08-21 20:01
403.0,0.0,2019-08-21 20:41
405.0,0,2019-08-21 21:01
402.0,0,2019-08-21 21:21
402,0,2019-08-21 21:41
405.0,0.0,2019-08-21 22:01
405,0,2019-08-21 22:21
401.0,0,2019-08-21 22:41
402.0,0,2019-08-21 23:01
400,0,2019-08-21 23:21
402.0,0,2019-08-21 23:41
402.0,0,2019-08-22 00:01
400,0,2019-08-22 00:21
402.0,0,2019-08-22 00:41
404.0,0,2019-08-22 01:01
401.0,0,2019-08-22 01:21
400.0,0,2019-08-22 01:41
401.0,0,2019-08-22 02:01
403,0,2019-08-22 02:21
401,0,2019-08-22 02:41
411.0,1.0,2019-08-22 03:01
405.0,0.0,2019-08-22 03:21
401.0,0,2019-08-22 03:41
401.0,0,2019-08-22 04:01
410.0,1.0,2019-08-22 04:21
410.0,1.0,2019-08-22 04:41
403.0,0.0,2019-08-22 05:01
407.0,1.0,2019-08-22 05:21
408.0,1.0,2019-08-22 05:41
405.0,0,2019-08-22 06:01
402,0,2019-08-22 06:21
400.0,0,2019-08-22 06:41
401.0,0,2019-08-22 07:01
400.0,0,2019-08-22 07:21
401.0,0,2019-08-22 07:41
401,0,2019-08-22 08:01
401,0,2019-08-22 08:21
400.0,0,2019-08-22 08:41
404.0,0,2019-08-22 09:01
402.0,0,2019-08-22 09:21
403.0,0,2019-08-22 09:41
402.0,0,2019-08-22 10:01
408.0,1.0,2019-08-22 10:21
400,0,2019-08-22 10:41
402.0,0,2019-08-22 11:01
402.0,0.0,2019-08-22 11:21
402.0,0,2019-08-22 11:41
401.0,0,2019-08-22 12:01
401.0,0,2019-08-22 12:21
402.0,0,2019-08-22 12:41
405.0,0.0,2019-08-22 13:01
402.0,0,2019-08-22 13:21
402.0,0,2019-08-22 13:41
406.0,0.0,2019-08-22 14:21
401.0,0,2019-08-22 14:41
401.0,0,2019-08-22 15:01
405,0,2019-08-22 15:21
403.0,0.0,2019-08-22 15:41
400,0,2019-08-22 16:01
402.0,0,2019-08-22 16:21
403.0,0,2019-08-22 16:41
400.0,0,2019-08-22 17:01
403.0,0,2019-08-22 17:41
405.0,0.0,2019-08-22 18:01
2222.0,0,2019-08-22 18:21
401.0,0,2019-08-22 18:41
405.0,0.0,2019-08-22 19:01
403.0,0.0,2019-08-22 19:21
405.0,0.0,2019-08-22 19:41
404.0,0.0,2019-08-22 20:01
403.0,0,2019-08-22 20:21
400,0,2019-08-22 20:41
404.0,0,2019-08-22 21:01
401.0,0,2019-08-22 21:21
404.0,0,2019-08-22 21:41
400.0,0,2019-08-22 22:01
401.0,0,2019-08-22 22:21
404.0,0.0,2019-08-22 22:41
402.0,0,2019-08-22 23:01
402.0,0,2019-08-22 23:21
401.0,0,2019-08-22 23:41
402.0,0,2019-08-23 00:01
403.0,0.0,2019-08-23 00:21
401.0,0,2019-08-23 00:41
402.0,0,2019-08-23 01:01
402.0,0,2019-08-23 01:21
406.0,1.0,2019-08-23 01:41
404.0,0.0,2019-08-23 02:01
400,0,2019-08-23 02:21
400,0,2019-08-23 02:41
402.0,0,2019-08-23 03:01
400,0,2019-08-23 03:21
402.0,0.0,2019-08-23 03:41
402.0,0,2019-08-23 04:01
401.0,0,2019-08-23 04:21
401,0,2019-08-23 04:41
400,0,2019-08-23 05:01
400,0,2019-08-23 05:21
402.0,0,2019-08-23 05:41
400,0,2019-08-23 06:01
405,0,2019-08-23 06:21
401.0,0,2019-08-23 06:41
400,0,2019-08-23 07:01
404.0,0,2019-08-23 07:21
401.0,0,2019-08-23 07:41
402.0,0,2019-08-23 08:01
400.0,0,2019-08-23 08:21
400,0,2019-08-23 08:41
403.0,0.0,2019-08-23 09:01
401.0,0,2019-08-23 09:21
400,0,2019-08-23 09:41
402.0,0.0,2019-08-23 10:01
403.0,0,2019-08-23 10:21
402.0,0.0,2019-08-23 10:41
402.0,0,2019-08-23 11:01
401.0,0,2019-08-23 11:21
403.0,0.0,2019-08-23 11:41
403.0,0.0,2019-08-23 12:01
406.0,0.0,2019-08-23 12:21
403.0,0.0,2019-08-23 12:41
404.0,0,2019-08-23 13:01
400,0,2019-08-23 13:21
406.0,0.0,2019-08-23 13:41
401.0,0,2019-08-23 14:01
402.0,0,2019-08-23 14:21
412.0,2.0,2019-08-23 14:41
404.0,0,2019-08-23 15:01
403.0,0,2019-08-23 15:21
405.0,0.0,2019-08-23 15:41
401.0,0,2019-08-23 16:01
401.0,0,2019-08-23 16:21
401.0,0.0,2019-08-23 16:41
404.0,0,2019-08-23 17:01
401.0,0,2019-08-23 17:21
401.0,0,2019-08-23 17:41
401.0,0,2019-08-23 18:01
404.0,0.0,2019-08-23 18:21
405.0,0.0,2019-08-23 18:41
401.0,0,2019-08-23 19:01
405.0,0.0,2019-08-23 19:21
402.0,0,2019-08-23 19:41
403.0,0,2019-08-23 20:01
403.0,0,2019-08-23 20:21
402.0,0.0,2019-08-23 20:41
401.0,0,2019-08-23 21:01
403.0,0.0,2019-08-23 21:21
404.0,0.0,2019-08-23 21:41
406.0,1.0,2019-08-23 22:01
401.0,0,2019-08-23 22:21
405.0,0,2019-08-23 22:41
402.0,0,2019-08-23 23:01
401.0,0,2019-08-23 23:21
404.0,0,2019-08-23 23:41
400,0,2019-08-24 00:01
403.0,0.0,2019-08-24 00:21
402,0,2019-08-24 00:41
401.0,0,2019-08-24 01:01
402.0,0.0,2019-08-24 01:21
401.0,0,2019-08-24 01:41
401.0,0,2019-08-24 02:01
404.0,0,2019-08-24 02:21
405.0,0.0,2019-08-24 02:41
405,0.0,2019-08-24 03:01
402.0,0,2019-08-24 03:21
401.0,0,2019-08-24 03:41
400.0,0,2019-08-24 04:01
400,0,2019-08-24 04:21
400,0,2019-08-24 04:41
400,0,2019-08-24 05:01
401.0,0,2019-08-24 05:21
402.0,0.0,2019-08-24 05:41
401.0,0,2019-08-24 06:01
400,0,2019-08-24 06:21
403.0,0,2019-08-24 06:41
400.0,0,2019-08-24 07:01
401.0,0,2019-08-24 07:21
401.0,0,2019-08-24 07:41
401.0,0,2019-08-24 08:01
411.0,1.0,2019-08-24 08:21
400.0,0,2019-08-24 08:41
402.0,0,2019-08-24 09:01
401.0,0,2019-08-24 09:21
403.0,0.0,2019-08-24 09:41
401.0,0,2019-08-24 10:01
401.0,0,2019-08-24 10:21
406.0,0.0,2019-08-24 10:41
400,0,2019-08-24 11:01
404.0,1.0,2019-08-24 11:21
402.0,0,2019-08-24 11:41
401,0,2019-08-24 12:01
400,0,2019-08-24 12:21
401.0,0,2019-08-24 12:41
401.0,0,2019-08-24 13:01
404.0,0.0,2019-08-24 13:21
401.0,0,2019-08-24 14:01
406.0,0.0,2019-08-24 14:21
408.0,1.0,2019-08-24 14:41
401.0,0,2019-08-24 15:01
403.0,0.0,2019-08-24 15:21
405.0,0.0,2019-08-24 15:41
402.0,0.0,2019-08-24 16:01
405.0,0.0,2019-08-24 16:21
406.0,0.0,2019-08-24 16:41
401.0,0,2019-08-24 17:01
402.0,0,2019-08-24 17:21
400.0,0,2019-08-24 17:41
404.0,0.0,2019-08-24 18:01
403.0,0,2019-08-24 18:21
404.0,0.0,2019-08-24 18:41
402.0,0,2019-08-24 19:01
403.0,0,2019-08-24 19:21
402.0,0,2019-08-24 19:41
403.0,0,2019-08-24 20:01
401.0,0,2019-08-24 20:21
401,0,2019-08-24 20:41
402.0,0.0,2019-08-24 21:01
404.0,0,2019-08-24 21:21
402.0,0,2019-08-24 21:41
407,0.0,2019-08-24 22:01
403,0.0,2019-08-24 22:21
402.0,0,2019-08-24 22:41
400.0,0,2019-08-24 23:01
405.0,0,2019-08-24 23:21
401,0,2019-08-24 23:41
401.0,0,2019-08-25 00:01
402.0,0,2019-08-25 00:21
403.0,0,2019-08-25 00:41
402.0,0,2019-08-25 01:01
400.0,0,2019-08-25 01:21
400,0,2019-08-25 01:41
401.0,0,2019-08-25 02:01
401,0,2019-08-25 02:21
403.0,0,2019-08-25 02:41
404.0,0.0,2019-08-25 03:01
400.0,0,2019-08-25 03:21
400,0,2019-08-25 03:41
401.0,0,2019-08-25 04:01
400,0,2019-08-25 04:21
401.0,0,2019-08-25 04:41
404.0,0,2019-08-25 05:01
403.0,0,2019-08-25 05:21
400.0,0,2019-08-25 05:41
404.0,0,2019-08-25 06:01
400.0,0,2019-08-25 06:21
401.0,0,2019-08-25 06:41
401.0,0,2019-08-25 07:01
401.0,0,2019-08-25 07:21
400.0,0,2019-08-25 07:41
404.0,0,2019-08-25 08:01
401.0,0,2019-08-25 08:21
404.0,0,2019-08-25 08:41
401.0,0,2019-08-25 09:01
401.0,0,2019-08-25 09:21
402.0,0,2019-08-25 09:41
407.0,1.0,2019-08-25 10:01
402.0,0,2019-08-25 10:21
400.0,0,2019-08-25 10:41
402.0,0,2019-08-25 11:01
401.0,0,2019-08-25 11:21
401.0,0,2019-08-25 11:41
404.0,0,2019-08-25 12:01
402.0,0,2019-08-25 12:21
403.0,0.0,2019-08-25 12:41
401.0,0.0,2019-08-25 13:01
402.0,0,2019-08-25 13:21
404.0,0.0,2019-08-25 14:01
402.0,0.0,2019-08-25 14:21
400.0,0,2019-08-25 14:41
402.0,0,2019-08-25 15:01
402.0,0,2019-08-25 15:21
404.0,0.0,2019-08-25 15:41
402.0,0,2019-08-25 16:01
406.0,0.0,2019-08-25 16:21
409.0,1.0,2019-08-25 16:41
408.0,1.0,2019-08-25 17:01
410.0,1.0,2019-08-25 17:21
402.0,0,2019-08-25 17:41
402.0,0,2019-08-25 18:01
401.0,0,2019-08-25 18:21
401.0,0,2019-08-25 18:41
402.0,0,2019-08-25 19:01
402.0,0,2019-08-25 19:21
403.0,0.0,2019-08-25 19:41
404.0,0.0,2019-08-25 20:01
401.0,0,2019-08-25 20:21
401.0,0,2019-08-25 20:41
401.0,0,2019-08-25 21:01
404.0,0.0,2019-08-25 21:21
402.0,0,2019-08-25 21:41
403.0,0,2019-08-25 22:01
403.0,0.0,2019-08-25 22:21
401.0,0,2019-08-25 22:41
405.0,1.0,2019-08-25 23:01
401,0,2019-08-25 23:21
402.0,0,2019-08-25 23:41
402.0,0,2019-08-26 00:01
402.0,0,2019-08-26 00:21
403.0,0,2019-08-26 00:41
402.0,0,2019-08-26 01:01
404.0,0,2019-08-26 01:21
401,0,2019-08-26 01:41
402.0,0,2019-08-26 02:01
400.0,0,2019-08-26 02:21
401.0,0,2019-08-26 02:41
402.0,0,2019-08-26 03:01
401.0,0,2019-08-26 03:21
400.0,0,2019-08-26 03:41
403.0,0.0,2019-08-26 04:01
401.0,0,2019-08-26 04:21
404.0,0,2019-08-26 04:41
403.0,0,2019-08-26 05:01
401.0,0,2019-08-26 05:21
401.0,0,2019-08-26 05:41
400.0,0,2019-08-26 06:01
400,0,2019-08-26 06:21
400,0,2019-08-26 06:41
401.0,0,2019-08-26 07:01
405.0,0,2019-08-26 07:21
404.0,0,2019-08-26 07:41
400.0,0,2019-08-26 08:01
401.0,0,2019-08-26 08:21
404.0,0.0,2019-08-26 08:41
405.0,0.0,2019-08-26 09:01
402.0,0,2019-08-26 09:21
405.0,0,2019-08-26 09:41
405.0,0.0,2019-08-26 10:01
405.0,0.0,2019-08-26 10:21
402.0,0,2019-08-26 10:41
405.0,0.0,2019-08-26 11:01
405.0,0.0,2019-08-26 11:21
402.0,0,2019-08-26 11:41
405.0,0.0,2019-08-26 12:01
400,0,2019-08-26 12:21
401,0,2019-08-26 12:41
401.0,0,2019-08-26 13:01
402.0,0,2019-08-26 13:21
400.0,0,2019-08-26 13:41
402.0,0,2019-08-26 14:21
402.0,0.0,2019-08-26 14:41
405.0,0.0,2019-08-26 15:01
405.0,0.0,2019-08-26 15:21
406.0,1.0,2019-08-26 15:41
405,0.0,2019-08-26 16:01
403.0,0.0,2019-08-26 16:21
404.0,0.0,2019-08-26 16:41
408.0,1.0,2019-08-26 17:21
401.0,0,2019-08-26 17:41
405.0,0.0,2019-08-26 18:01
401.0,0,2019-08-26 18:21
402.0,0,2019-08-26 18:41
402,0,2019-08-26 19:01
402.0,0,2019-08-26 19:21
402.0,0,2019-08-26 19:41
401.0,0,2019-08-26 20:01
403.0,0,2019-08-26 20:21
403.0,0.0,2019-08-26 20:41
418.0,2.0,2019-08-26 21:01
405.0,0.0,2019-08-26 21:21
402.0,0,2019-08-26 21:41
411.0,1.0,2019-08-26 22:01
402.0,0,2019-08-26 22:21
400,0,2019-08-26 22:41
402.0,0,2019-08-26 23:01
402.0,0.0,2019-08-26 23:21
402.0,0,2019-08-26 23:41
400.0,0,2019-08-27 00:01
404.0,0.0,2019-08-27 00:21
406.0,1.0,2019-08-27 00:41
403.0,0,2019-08-27 01:01
402.0,0.0,2019-08-27 01:21
401.0,0,2019-08-27 01:41
403.0,0,2019-08-27 02:01
402.0,0,2019-08-27 02:21
403.0,0,2019-08-27 02:41
400.0,0,2019-08-27 03:01
401,0,2019-08-27 03:21
403.0,0.0,2019-08-27 03:41
400,0,2019-08-27 04:01
403.0,0,2019-08-27 04:21
400,0,2019-08-27 04:41
402.0,0,2019-08-27 05:01
401.0,0,2019-08-27 05:21
403.0,0,2019-08-27 05:41
401,0,2019-08-27 06:01
401,0,2019-08-27 06:21
402.0,0,2019-08-27 06:41
401,0,2019-08-27 07:01
403.0,0,2019-08-27 07:21
404.0,0,2019-08-27 07:41
402.0,0,2019-08-27 08:01
400,0,2019-08-27 08:21
402.0,0.0,2019-08-27 08:41
401.0,0,2019-08-27 09:01
404.0,0,2019-08-27 09:21
402.0,0,2019-08-27 09:41
402.0,0.0,2019-08-27 10:01
402.0,0,2019-08-27 10:21
405.0,0.0,2019-08-27 10:41
403.0,0,2019-08-27 11:01
406.0,1.0,2019-08-27 11:21
403.0,0.0,2019-08-27 11:41
416.0,2.0,2019-08-27 12:01
401.0,0.0,2019-08-27 12:21
433.0,5.0,2019-08-27 12:41
403.0,0.0,2019-08-27 13:01
406.0,1.0,2019-08-27 13:21
415.0,2.0,2019-08-27 13:41
402.0,0.0,2019-08-27 14:01
402.0,0.0,2019-08-27 14:21
405.0,1.0,2019-08-27 14:41
401.0,0.0,2019-08-27 15:01
404.0,0.0,2019-08-27 15:21
404.0,0,2019-08-27 15:41
405.0,0.0,2019-08-27 16:01
404.0,0.0,2019-08-27 16:21
404.0,0.0,2019-08-27 16:41
400.0,0,2019-08-27 17:01
400,0,2019-08-27 17:21
405.0,0.0,2019-08-27 17:41
403.0,0,2019-08-27 18:01
400.0,0,2019-08-27 18:21
401.0,0,2019-08-27 18:41
405.0,0.0,2019-08-27 19:01
406.0,0.0,2019-08-27 19:21
404,0.0,2019-08-27 19:41
404.0,1.0,2019-08-27 20:01
400.0,0,2019-08-27 20:21
401.0,0,2019-08-27 20:41
413.0,2.0,2019-08-27 21:01
402.0,0.0,2019-08-27 21:21
405.0,0.0,2019-08-27 21:41
404.0,0.0,2019-08-27 22:01
405.0,0,2019-08-27 22:21
402.0,0,2019-08-27 22:41
403.0,0,2019-08-27 23:01
404.0,0,2019-08-27 23:21
407.0,1.0,2019-08-27 23:41
402.0,0.0,2019-08-28 00:01
401.0,0.0,2019-08-28 00:21
401.0,0,2019-08-28 00:41
405.0,0,2019-08-28 01:01
401.0,0,2019-08-28 01:21
402.0,0,2019-08-28 01:41
403.0,0,2019-08-28 02:01
400.0,0,2019-08-28 02:21
402.0,0,2019-08-28 03:01
402.0,0,2019-08-28 03:21
403.0,0.0,2019-08-28 03:41
401.0,0,2019-08-28 04:01
402.0,0,2019-08-28 04:21
402.0,0,2019-08-28 04:41
402.0,0,2019-08-28 05:01
403.0,0,2019-08-28 05:21
402.0,0,2019-08-28 05:41
401.0,0.0,2019-08-28 06:01
401.0,0,2019-08-28 06:21
404.0,0,2019-08-28 06:41
401.0,0,2019-08-28 07:01
403.0,0,2019-08-28 07:21
403,0,2019-08-28 07:41
404.0,0,2019-08-28 08:01
401.0,0,2019-08-28 08:21
411.0,1.0,2019-08-28 08:41
414.0,2.0,2019-08-28 09:01
400.0,0,2019-08-28 09:21
406,1.0,2019-08-28 09:41
404.0,0.0,2019-08-28 10:01
402.0,0,2019-08-28 10:21
402.0,0.0,2019-08-28 10:41
408.0,1.0,2019-08-28 11:01
406.0,1.0,2019-08-28 11:21
406.0,1.0,2019-08-28 11:41
403.0,0.0,2019-08-28 12:01
407.0,1.0,2019-08-28 12:21
401.0,0,2019-08-28 12:41
402.0,0,2019-08-28 13:01
403.0,0.0,2019-08-28 13:21
400,0,2019-08-28 13:41
401.0,0,2019-08-28 14:01
406.0,0.0,2019-08-28 14:21
406,1.0,2019-08-28 14:41
407.0,1.0,2019-08-28 15:01
401.0,0,2019-08-28 15:21
401.0,0,2019-08-28 15:41
400.0,0,2019-08-28 16:01
412.0,1.0,2019-08-28 16:21
402.0,0.0,2019-08-28 16:41
405.0,0.0,2019-08-28 17:01
401.0,0,2019-08-28 17:21
412.0,2.0,2019-08-28 17:41
403.0,0,2019-08-28 18:01
407.0,1.0,2019-08-28 18:21
401.0,0,2019-08-28 18:41
400,0,2019-08-28 19:01
407.0,0.0,2019-08-28 19:21
402.0,0,2019-08-28 19:41
401.0,0,2019-08-28 20:01
402.0,0,2019-08-28 20:21
400.0,0,2019-08-28 20:41
402.0,0,2019-08-28 21:01
400.0,0,2019-08-28 21:41
401.0,0,2019-08-28 22:01
400.0,0.0,2019-08-28 22:21
401.0,0,2019-08-28 22:41
403,0,2019-08-28 23:01
403.0,0.0,2019-08-28 23:21
413.0,2.0,2019-08-28 23:41
402.0,0.0,2019-08-29 00:01
403.0,0.0,2019-08-29 00:41
402,0.0,2019-08-29 01:01
401.0,0,2019-08-29 01:21
402.0,0,2019-08-29 01:41
405.0,0,2019-08-29 02:01
404.0,0,2019-08-29 02:21
401.0,0,2019-08-29 02:41
402.0,0,2019-08-29 03:01
401.0,0,2019-08-29 03:21
400,0,2019-08-29 03:41
405,0,2019-08-29 04:01
402.0,0,2019-08-29 04:21
404.0,0,2019-08-29 04:41
400,0,2019-08-29 05:01
401.0,0,2019-08-29 05:21
401.0,0,2019-08-29 05:41
400,0,2019-08-29 06:01
401.0,0,2019-08-29 06:21
400,0,2019-08-29 06:41
405.0,0,2019-08-29 07:01
402.0,0,2019-08-29 07:21
401.0,0,2019-08-29 07:41
402.0,0.0,2019-08-29 08:01
415.0,2.0,2019-08-29 08:21
409.0,1.0,2019-08-29 08:41
406.0,1.0,2019-08-29 09:01
402.0,0,2019-08-29 09:21
402.0,0,2019-08-29 09:41
404.0,0,2019-08-29 10:01
403.0,0.0,2019-08-29 10:21
402.0,0.0,2019-08-29 10:41
401.0,0,2019-08-29 11:01
402.0,0,2019-08-29 11:21
402.0,0,2019-08-29 12:01
400.0,0,2019-08-29 12:21
400.0,0,2019-08-29 12:41
401.0,0,2019-08-29 13:01
401.0,0,2019-08-29 13:21
405.0,0.0,2019-08-29 13:41
404.0,1.0,2019-08-29 14:21
402.0,0.0,2019-08-29 14:41
402.0,0,2019-08-29 15:01
411.0,1.0,2019-08-29 15:21
476.0,11.0,2019-08-29 16:01
414.0,2.0,2019-08-29 16:21
404.0,0.0,2019-08-29 16:41
411.0,1.0,2019-08-29 17:01
406.0,0.0,2019-08-29 17:21
429.0,4.0,2019-08-29 17:41
401.0,0,2019-08-29 18:01
400.0,0,2019-08-29 18:21
426.0,4.0,2019-08-29 18:41
409.0,1.0,2019-08-29 19:01
402.0,0,2019-08-29 19:21
402.0,0,2019-08-29 19:41
401.0,0,2019-08-29 20:01
403.0,0,2019-08-29 20:21
401.0,0,2019-08-29 20:41
403.0,0,2019-08-29 21:01
405,0,2019-08-29 21:21
403.0,0,2019-08-29 21:41
402.0,0,2019-08-29 22:01
400.0,0,2019-08-29 22:21
401,0,2019-08-29 22:41
400,0,2019-08-29 23:01
401.0,0,2019-08-29 23:21
400,0,2019-08-29 23:41
400,0,2019-08-30 00:01
403.0,0.0,2019-08-30 00:21
401.0,0,2019-08-30 00:41
401.0,0,2019-08-30 01:01
401.0,0,2019-08-30 01:21
407,0.0,2019-08-30 01:41
403.0,0,2019-08-30 02:01
402.0,0,2019-08-30 02:21
409.0,1.0,2019-08-30 02:41
402.0,0.0,2019-08-30 03:01
402.0,0.0,2019-08-30 03:21
404.0,0.0,2019-08-30 03:41
404,1.0,2019-08-30 04:01
403.0,0.0,2019-08-30 04:21
402.0,0,2019-08-30 04:41
404.0,0.0,2019-08-30 05:01
401.0,0.0,2019-08-30 05:21
402.0,0.0,2019-08-30 05:41
402.0,0,2019-08-30 06:01
401.0,0,2019-08-30 06:21
401.0,0,2019-08-30 06:41
402.0,0.0,2019-08-30 07:01
405.0,1.0,2019-08-30 07:21
401.0,0,2019-08-30 07:41
400.0,0,2019-08-30 08:01
401.0,0,2019-08-30 08:21
402.0,0.0,2019-08-30 08:41
401.0,0,2019-08-30 09:01
405.0,0.0,2019-08-30 09:21
400,0,2019-08-30 09:41
401.0,0,2019-08-30 10:01
404.0,0.0,2019-08-30 10:21
402.0,0.0,2019-08-30 10:41
400.0,0,2019-08-30 11:01
402.0,0,2019-08-30 11:21
402.0,0,2019-08-30 11:41
402.0,0,2019-08-30 12:01
402.0,0,2019-08-30 12:21
404.0,0.0,2019-08-30 12:41
400,0,2019-08-30 13:01
402.0,0.0,2019-08-30 13:21
402.0,0,2019-08-30 13:41
406.0,0.0,2019-08-30 14:01
400.0,0,2019-08-30 14:21
402.0,0,2019-08-30 14:41
402.0,0.0,2019-08-30 15:01
406.0,0.0,2019-08-30 15:21
404.0,0.0,2019-08-30 15:41
406.0,0.0,2019-08-30 16:01
401.0,0.0,2019-08-30 16:21
404.0,0.0,2019-08-30 16:41
402.0,0.0,2019-08-30 17:01
403.0,0,2019-08-30 17:21
401.0,0.0,2019-08-30 17:41
402.0,0,2019-08-30 18:01
402.0,0,2019-08-30 18:21
407,1.0,2019-08-30 18:41
402.0,0,2019-08-30 19:01
403.0,0.0,2019-08-30 19:21
400,0,2019-08-30 19:41
405.0,0.0,2019-08-30 20:01
405.0,0,2019-08-30 20:41
402.0,0,2019-08-30 21:01
400.0,0,2019-08-30 21:21
400.0,0,2019-08-30 21:41
402.0,0,2019-08-30 22:01
402.0,0.0,2019-08-30 22:21
401.0,0,2019-08-30 22:41
401,0,2019-08-30 23:01
402.0,0,2019-08-30 23:21
404.0,0,2019-08-30 23:41
400,0,2019-08-31 00:01
401,0,2019-08-31 00:21
405,0,2019-08-31 00:41
400.0,0,2019-08-31 01:01
402.0,0,2019-08-31 01:21
402.0,0,2019-08-31 01:41
401.0,0,2019-08-31 02:01
406.0,1.0,2019-08-31 02:21
401.0,0,2019-08-31 02:41
401.0,0.0,2019-08-31 03:01
403.0,0.0,2019-08-31 03:21
400.0,0,2019-08-31 03:41
405.0,0.0,2019-08-31 04:01
400.0,0,2019-08-31 04:21
400.0,0,2019-08-31 04:41
401.0,0,2019-08-31 05:01
411.0,1.0,2019-08-31 05:21
402.0,0.0,2019-08-31 05:41
406.0,1.0,2019-08-31 06:01
406.0,0.0,2019-08-31 06:21
401.0,0.0,2019-08-31 06:41
403.0,0.0,2019-08-31 07:01
402.0,0.0,2019-08-31 07:21
404.0,0.0,2019-08-31 07:41
400,0,2019-08-31 08:01
401,0,2019-08-31 08:21
401.0,0,2019-08-31 08:41
402,0,2019-08-31 09:01
401.0,0,2019-08-31 09:21
405.0,0.0,2019-08-31 09:41
402.0,0,2019-08-31 10:01
402.0,0,2019-08-31 10:21
404.0,0.0,2019-08-31 10:41
400.0,0,2019-08-31 11:01
403.0,0,2019-08-31 11:21
403.0,0,2019-08-31 11:41
401.0,0,2019-08-31 12:01
400.0,0,2019-08-31 12:21
401.0,0,2019-08-31 12:41
404.0,0.0,2019-08-31 13:01
401.0,0,2019-08-31 13:21
402.0,0,2019-08-31 13:41
406.0,0.0,2019-08-31 14:01
404.0,0.0,2019-08-31 14:21
405.0,0.0,2019-08-31 14:41
400.0,0,2019-08-31 15:01
401.0,0,2019-08-31 15:21
403.0,0.0,2019-08-31 15:41
405.0,1.0,2019-08-31 16:01
401.0,0,2019-08-31 16:41
401.0,0,2019-08-31 17:01
400.0,0,2019-08-31 17:21
401,0,2019-08-31 17:41
403.0,0,2019-08-31 18:01
402.0,0,2019-08-31 18:21
401.0,0,2019-08-31 18:41
401.0,0,2019-08-31 19:01
402.0,0.0,2019-08-31 19:21
401.0,0,2019-08-31 19:41
402.0,0,2019-08-31 20:01
402.0,0,2019-08-31 20:21
404.0,0,2019-08-31 20:41
402.0,0.0,2019-08-31 21:01
400.0,0,2019-08-31 21:21
402.0,0,2019-08-31 21:41
402.0,0,2019-08-31 22:01
400,0,2019-08-31 22:21
402.0,0,2019-08-31 22:41
400.0,0,2019-08-31 23:01
402.0,0,2019-08-31 23:21
401.0,0,2019-08-31 23:41
404.0,0,2019-09-01 00:01
400,0,2019-09-01 00:21
403.0,0.0,2019-09-01 00:41
400,0,2019-09-01 01:01
401.0,0,2019-09-01 01:21
400.0,0,2019-09-01 01:41
402.0,0,2019-09-01 02:01
402.0,0,2019-09-01 02:21
410.0,1.0,2019-09-01 02:41
403.0,0.0,2019-09-01 03:01
404.0,1.0,2019-09-01 03:21
403.0,0,2019-09-01 03:41
400.0,0,2019-09-01 04:01
403.0,0,2019-09-01 04:21
401.0,0,2019-09-01 04:41
401,0,2019-09-01 05:01
401,0,2019-09-01 05:21
402,0,2019-09-01 05:41
402.0,0,2019-09-01 06:01
402.0,0,2019-09-01 06:21
402.0,0,2019-09-01 06:41
402,0,2019-09-01 07:01
402.0,0,2019-09-01 07:21
402.0,0,2019-09-01 07:41
404.0,0.0,2019-09-01 08:01
400.0,0,2019-09-01 08:21
407,1,2019-09-01 08:41
403.0,0,2019-09-01 09:01
404.0,0,2019-09-01 09:21
400,0,2019-09-01 09:41
402.0,0.0,2019-09-01 10:01
403.0,0,2019-09-01 10:21
402.0,0,2019-09-01 10:41
403.0,0,2019-09-01 11:01
403.0,0,2019-09-01 11:21
402.0,0,2019-09-01 11:41
405.0,0.0,2019-09-01 12:01
402.0,0,2019-09-01 12:21
401.0,0,2019-09-01 12:41
403.0,0,2019-09-01 13:01
402.0,0,2019-09-01 13:21
404.0,0,2019-09-01 13:41
402.0,0.0,2019-09-01 14:01
401.0,0,2019-09-01 14:21
406.0,0.0,2019-09-01 14:41
401.0,0.0,2019-09-01 15:01
400.0,0,2019-09-01 15:21
404.0,0.0,2019-09-01 15:41
405.0,0.0,2019-09-01 16:01
401.0,0,2019-09-01 16:21
406.0,0.0,2019-09-01 16:41
400.0,0,2019-09-01 17:01
402.0,0,2019-09-01 17:21
401.0,0,2019-09-01 17:41
400,0,2019-09-01 18:01
405,0,2019-09-01 18:21
404.0,0,2019-09-01 18:41
400.0,0,2019-09-01 19:01
401.0,0,2019-09-01 19:21
401.0,0,2019-09-01 19:41
405.0,0,2019-09-01 20:01
401.0,0,2019-09-01 20:21
402.0,0,2019-09-01 20:41
401.0,0,2019-09-01 21:01
401.0,0,2019-09-01 21:21
402.0,0,2019-09-01 21:41
405.0,0.0,2019-09-01 22:01
403.0,0.0,2019-09-01 22:21
401.0,0,2019-09-01 22:41
400.0,0,2019-09-01 23:01
404.0,1.0,2019-09-01 23:21
402.0,0.0,2019-09-01 23:41
400,0,2019-09-02 00:01
402.0,0,2019-09-02 00:21
402.0,0,2019-09-02 00:41
401.0,0,2019-09-02 01:01
402.0,0,2019-09-02 01:21
402.0,0,2019-09-02 01:41
400.0,0,2019-09-02 02:01
403.0,0.0,2019-09-02 02:21
403,0.0,2019-09-02 02:41
402.0,0,2019-09-02 03:01
400,0,2019-09-02 03:21
403.0,0,2019-09-02 03:41
401.0,0,2019-09-02 04:01
403.0,0,2019-09-02 04:21
401.0,0,2019-09-02 04:41
401.0,0,2019-09-02 05:01
404.0,0.0,2019-09-02 05:21
403,0,2019-09-02 05:41
403.0,0,2019-09-02 06:01
401.0,0,2019-09-02 06:21
404.0,0.0,2019-09-02 06:41
400.0,0,2019-09-02 07:01
400.0,0,2019-09-02 07:21
400.0,0,2019-09-02 07:41
404.0,0.0,2019-09-02 08:01
402.0,0,2019-09-02 08:21
403,0,2019-09-02 08:41
403.0,0.0,2019-09-02 09:01
403.0,0,2019-09-02 09:21
403.0,0,2019-09-02 09:41
402,0,2019-09-02 10:01
401.0,0,2019-09-02 10:21
401.0,0.0,2019-09-02 10:41
402.0,0,2019-09-02 11:01
406.0,0.0,2019-09-02 11:21
402.0,0,2019-09-02 11:41
401.0,0,2019-09-02 12:01
400,0,2019-09-02 12:21
402.0,0,2019-09-02 12:41
400.0,0,2019-09-02 13:01
400.0,0,2019-09-02 13:21
401.0,0,2019-09-02 13:41
402.0,0,2019-09-02 14:01
400.0,0,2019-09-02 14:21
403.0,0.0,2019-09-02 14:41
400.0,0,2019-09-02 15:01
402.0,0.0,2019-09-02 15:21
400.0,0,2019-09-02 15:41
401.0,0,2019-09-02 16:01
409,1.0,2019-09-02 16:21
411.0,1.0,2019-09-02 16:41
402,0,2019-09-02 17:01
401.0,0,2019-09-02 17:41
402.0,0,2019-09-02 18:01
400.0,0,2019-09-02 18:21
401.0,0,2019-09-02 18:41
402.0,0,2019-09-02 19:01
402.0,0,2019-09-02 19:21
405.0,0.0,2019-09-02 19:41
402.0,0,2019-09-02 20:01
401.0,0,2019-09-02 20:21
401.0,0,2019-09-02 20:41
402.0,0,2019-09-02 21:21
402.0,0,2019-09-02 21:41
402.0,0.0,2019-09-02 22:01
403,0,2019-09-02 22:21
403.0,0.0,2019-09-02 22:41
402.0,0,2019-09-02 23:01
402.0,0,2019-09-02 23:41
400,0,2019-09-03 00:01
400.0,0.0,2019-09-03 00:41
401.0,0,2019-09-03 01:01
401.0,0,2019-09-03 01:21
403.0,0.0,2019-09-03 01:41
402,0,2019-09-03 02:41
401.0,0,2019-09-03 03:01
401.0,0,2019-09-03 03:21
402.0,0,2019-09-03 03:41
404.0,0,2019-09-03 04:01
402.0,0,2019-09-03 04:21
403.0,0.0,2019-09-03 04:41
403.0,0.0,2019-09-03 05:01
402.0,0,2019-09-03 05:21
401.0,0,2019-09-03 05:41
402.0,0,2019-09-03 06:01
403.0,0,2019-09-03 06:21
403.0,0,2019-09-03 06:41
404.0,0,2019-09-03 07:01
400,0,2019-09-03 07:21
402,0,2019-09-03 07:41
401.0,0.0,2019-09-03 08:01
401,0,2019-09-03 08:21
404.0,0.0,2019-09-03 08:41
401.0,0.0,2019-09-03 09:01
406,0,2019-09-03 09:21
402.0,0.0,2019-09-03 09:41
404.0,0,2019-09-03 10:01
402.0,0,2019-09-03 10:21
403.0,0.0,2019-09-03 10:41
401.0,0,2019-09-03 11:01
403.0,0.0,2019-09-03 11:21
401,0,2019-09-03 11:41
402.0,0,2019-09-03 12:01
404.0,0,2019-09-03 12:21
405.0,0.0,2019-09-03 12:41
402.0,0,2019-09-03 13:01
401.0,0,2019-09-03 13:21
403.0,0.0,2019-09-03 13:41
406.0,0.0,2019-09-03 14:01
401,0,2019-09-03 14:21
402.0,0,2019-09-03 14:41
401.0,0,2019-09-03 15:01
406.0,1.0,2019-09-03 15:21
401.0,0,2019-09-03 15:41
401.0,0,2019-09-03 16:01
404.0,0,2019-09-03 16:21
401.0,0,2019-09-03 16:41
402.0,0.0,2019-09-03 17:01
403,0.0,2019-09-03 17:21
403.0,0.0,2019-09-03 17:41
400.0,0,2019-09-03 18:21
401,0,2019-09-03 18:41
403,0,2019-09-03 19:01
403.0,0,2019-09-03 19:21
404.0,0,2019-09-03 19:41
401.0,0,2019-09-03 20:01
403.0,0.0,2019-09-03 20:21
400,0,2019-09-03 20:41
401,0,2019-09-03 21:01
400,0,2019-09-03 21:21
401.0,0,2019-09-03 21:41
401.0,0.0,2019-09-03 22:01
402.0,0,2019-09-03 22:21
401,0,2019-09-03 22:41
402.0,0,2019-09-03 23:01
402.0,0.0,2019-09-03 23:21
405.0,0.0,2019-09-03 23:41
401.0,0,2019-09-04 00:01
404.0,0.0,2019-09-04 00:21
402.0,0,2019-09-04 00:41
403.0,0.0,2019-09-04 01:01
402.0,0,2019-09-04 01:21
401.0,0,2019-09-04 01:41
403.0,0.0,2019-09-04 02:01
401.0,0,2019-09-04 02:21
401,0,2019-09-04 02:41
402.0,0,2019-09-04 03:01
402.0,0,2019-09-04 03:21
402.0,0.0,2019-09-04 03:41
401.0,0,2019-09-04 04:01
404.0,0.0,2019-09-04 04:21
400,0,2019-09-04 04:41
403.0,0.0,2019-09-04 05:21
405.0,1.0,2019-09-04 05:41
404.0,0.0,2019-09-04 06:01
410.0,1.0,2019-09-04 06:21
404,0.0,2019-09-04 06:41
402.0,0,2019-09-04 07:01
400,0,2019-09-04 07:21
401.0,0,2019-09-04 07:41
401.0,0,2019-09-04 08:01
401.0,0,2019-09-04 08:21
401.0,0,2019-09-04 08:41
403.0,0,2019-09-04 09:01
400,0,2019-09-04 09:21
404.0,0.0,2019-09-04 09:41
403.0,0,2019-09-04 10:01
405.0,0.0,2019-09-04 10:21
404.0,0,2019-09-04 10:41
404.0,0.0,2019-09-04 11:01
404.0,0,2019-09-04 11:21
402.0,0.0,2019-09-04 11:41
401.0,0,2019-09-04 12:01
402.0,0,2019-09-04 12:21
404.0,0,2019-09-04 12:41
401.0,0,2019-09-04 13:01
400,0,2019-09-04 13:21
403.0,0.0,2019-09-04 13:41
402.0,0.0,2019-09-04 14:01
400.0,0,2019-09-04 14:21
400.0,0,2019-09-04 14:41
401.0,0,2019-09-04 15:01
407.0,1.0,2019-09-04 15:21
400,0,2019-09-04 15:41
405.0,0.0,2019-09-04 16:01
409.0,1.0,2019-09-04 16:21
402.0,0.0,2019-09-04 16:41
406.0,1.0,2019-09-04 17:01
400.0,0,2019-09-04 17:21
400.0,0,2019-09-04 17:41
402.0,0,2019-09-04 18:01
404.0,0,2019-09-04 18:21
403.0,0,2019-09-04 18:41
403,0.0,2019-09-04 19:01
400.0,0,2019-09-04 19:21
400.0,0,2019-09-04 19:41
401.0,0,2019-09-04 20:01
402,0,2019-09-04 20:21
403.0,0.0,2019-09-04 20:41
400.0,0,2019-09-04 21:01
401.0,0,2019-09-04 21:21
404.0,0.0,2019-09-04 21:41
403.0,0,2019-09-04 22:01
402.0,0,2019-09-04 22:21
401.0,0,2019-09-04 22:41
403.0,0,2019-09-04 23:01
403.0,0,2019-09-04 23:21
405,0,2019-09-04 23:41
405,0,2019-09-05 00:01
403.0,0,2019-09-05 00:21
400.0,0,2019-09-05 00:41
401.0,0,2019-09-05 01:01
403.0,0,2019-09-05 01:21
402.0,0,2019-09-05 01:41
401.0,0,2019-09-05 02:01
405.0,1.0,2019-09-05 02:21
402.0,0,2019-09-05 02:41
401.0,0,2019-09-05 03:01
401.0,0,2019-09-05 03:21
400.0,0,2019-09-05 03:41
400,0,2019-09-05 04:01
401.0,0,2019-09-05 04:21
403,0,2019-09-05 04:41
400.0,0,2019-09-05 05:01
403.0,0,2019-09-05 05:21
407.0,1.0,2019-09-05 05:41
402.0,0.0,2019-09-05 06:01
402.0,0.0,2019-09-05 06:21
406.0,1.0,2019-09-05 06:41
408.0,1.0,2019-09-05 07:01
405.0,1.0,2019-09-05 07:21
403.0,0.0,2019-09-05 07:41
400.0,0,2019-09-05 08:01
401.0,0,2019-09-05 08:21
405,0,2019-09-05 08:41
402,0,2019-09-05 09:01
400,0,2019-09-05 09:21
400.0,0,2019-09-05 09:41
406.0,1.0,2019-09-05 10:01
401.0,0,2019-09-05 10:21
400,0,2019-09-05 10:41
404.0,0,2019-09-05 11:01
403.0,0,2019-09-05 11:21
401,0,2019-09-05 11:41
402.0,0,2019-09-05 12:01
400.0,0,2019-09-05 12:21
400,0,2019-09-05 12:41
402,0,2019-09-05 13:01
401.0,0,2019-09-05 13:21
401.0,0,2019-09-05 13:41
407.0,1.0,2019-09-05 14:01
400.0,0,2019-09-05 14:21
400.0,0,2019-09-05 14:41
400.0,0,2019-09-05 15:01
408.0,1.0,2019-09-05 15:21
402,0.0,2019-09-05 15:43
404,0,2019-09-05 16:01
400.0,0,2019-09-05 16:21
402.0,0,2019-09-05 16:41
401.0,0.0,2019-09-05 17:01
409.0,1,2019-09-05 17:21
402.0,0,2019-09-05 17:41
402.0,0,2019-09-05 18:01
402.0,0,2019-09-05 18:21
401.0,0,2019-09-05 18:41
401.0,0,2019-09-05 19:01
400.0,0,2019-09-05 19:41
402.0,0,2019-09-05 20:01
402.0,0.0,2019-09-05 20:21
401.0,0,2019-09-05 20:41
401.0,0,2019-09-05 21:01
401.0,0,2019-09-05 21:21
402.0,0,2019-09-05 21:41
401.0,0,2019-09-05 22:01
401.0,0,2019-09-05 22:21
402.0,0,2019-09-05 22:41
402,0,2019-09-05 23:01
402,0,2019-09-05 23:21
404.0,0,2019-09-06 00:01
401.0,0,2019-09-06 00:21
404.0,0.0,2019-09-06 00:41
408.0,1.0,2019-09-06 01:01
403.0,0.0,2019-09-06 01:21
407.0,1,2019-09-06 01:41
403.0,0.0,2019-09-06 02:01
401.0,0,2019-09-06 02:21
405,0,2019-09-06 02:41
403.0,0,2019-09-06 03:01
402.0,0.0,2019-09-06 03:21
401.0,0,2019-09-06 03:41
401.0,0,2019-09-06 04:01
401,0,2019-09-06 04:21
402.0,0,2019-09-06 04:41
400.0,0,2019-09-06 05:01
400.0,0,2019-09-06 05:21
400.0,0,2019-09-06 05:41
400.0,0,2019-09-06 06:01
400.0,0,2019-09-06 06:21
401.0,0,2019-09-06 06:41
402.0,0,2019-09-06 07:01
404.0,0,2019-09-06 07:21
407.0,1.0,2019-09-06 07:41
404.0,0,2019-09-06 08:01
403.0,0,2019-09-06 08:21
403,0,2019-09-06 08:41
404.0,0,2019-09-06 09:01
407.0,1.0,2019-09-06 09:21
404.0,0,2019-09-06 09:41
402.0,0,2019-09-06 10:01
401.0,0,2019-09-06 10:21
404.0,0,2019-09-06 10:41
405.0,0.0,2019-09-06 11:01
404.0,0,2019-09-06 11:21
403.0,0.0,2019-09-06 11:41
402.0,0,2019-09-06 12:01
402.0,0,2019-09-06 12:21
401.0,0,2019-09-06 12:41
409.0,1,2019-09-06 13:01
406,0.0,2019-09-06 13:21
404.0,0.0,2019-09-06 13:41
402.0,0.0,2019-09-06 14:01
412.0,1.0,2019-09-06 14:21
401.0,0,2019-09-06 14:41
400.0,0,2019-09-06 15:01
402.0,0,2019-09-06 15:21
405.0,0.0,2019-09-06 15:41
402.0,0,2019-09-06 16:01
401.0,0,2019-09-06 16:41
408,1.0,2019-09-06 17:01
402.0,0,2019-09-06 17:21
403.0,0,2019-09-06 17:41
401.0,0,2019-09-06 18:01
401.0,0,2019-09-06 18:21
404.0,0.0,2019-09-06 18:41
402.0,0,2019-09-06 19:01
406.0,0.0,2019-09-06 19:21
403.0,0.0,2019-09-06 19:41
402.0,0,2019-09-06 20:01
402.0,0,2019-09-06 20:21
406.0,0,2019-09-06 20:41
401.0,0,2019-09-06 21:01
401,0,2019-09-06 21:21
402.0,0,2019-09-06 21:41
403.0,0,2019-09-06 22:01
402.0,0.0,2019-09-06 22:21
406.0,0.0,2019-09-06 22:41
402.0,0,2019-09-06 23:01
403,0,2019-09-06 23:21
402.0,0,2019-09-06 23:41
400,0,2019-09-07 00:01
400,0,2019-09-07 00:21
400.0,0,2019-09-07 00:41
401.0,0,2019-09-07 01:01
402.0,0,2019-09-07 01:21
402.0,0,2019-09-07 01:41
400.0,0,2019-09-07 02:01
401.0,0,2019-09-07 02:21
400.0,0,2019-09-07 02:41
402.0,0,2019-09-07 03:01
401.0,0,2019-09-07 03:21
402.0,0,2019-09-07 03:41
400.0,0,2019-09-07 04:01
402.0,0,2019-09-07 04:21
402.0,0,2019-09-07 04:41
401.0,0,2019-09-07 05:01
402,0,2019-09-07 05:21
401.0,0,2019-09-07 05:41
401,0,2019-09-07 06:01
400,0,2019-09-07 06:21
404.0,0,2019-09-07 06:41
402.0,0,2019-09-07 07:01
402.0,0,2019-09-07 07:21
403.0,0,2019-09-07 07:41
401,0,2019-09-07 08:01
405,0,2019-09-07 08:21
400.0,0,2019-09-07 08:41
403.0,0,2019-09-07 09:01
402.0,0,2019-09-07 09:21
402.0,0,2019-09-07 09:41
405.0,1.0,2019-09-07 10:01
402.0,0,2019-09-07 10:21
403.0,0,2019-09-07 10:41
403,0,2019-09-07 11:01
400,0,2019-09-07 11:21
404.0,1.0,2019-09-07 11:41
405.0,0.0,2019-09-07 12:01
414.0,1.0,2019-09-07 12:21
400.0,0,2019-09-07 12:41
401,0,2019-09-07 13:01
402.0,0,2019-09-07 13:21
402.0,0,2019-09-07 13:41
407,0.0,2019-09-07 14:01
401.0,0,2019-09-07 14:21
403.0,0,2019-09-07 14:41
401.0,0,2019-09-07 15:01
401.0,0,2019-09-07 15:21
400.0,0,2019-09-07 15:41
406.0,0.0,2019-09-07 16:01
401.0,0,2019-09-07 16:21
403.0,0.0,2019-09-07 16:41
404.0,0.0,2019-09-07 17:01
401,0,2019-09-07 17:21
401.0,0,2019-09-07 17:41
401.0,0,2019-09-07 18:01
403.0,0.0,2019-09-07 18:21
401.0,0,2019-09-07 18:41
400.0,0,2019-09-07 19:01
401.0,0,2019-09-07 19:21
402.0,0,2019-09-07 19:41
400.0,0,2019-09-07 20:01
404.0,0.0,2019-09-07 20:21
402.0,0.0,2019-09-07 20:41
402.0,0,2019-09-07 21:01
400.0,0,2019-09-07 21:21
402,0,2019-09-07 21:41
401.0,0,2019-09-07 22:01
401.0,0,2019-09-07 22:21
402.0,0.0,2019-09-07 22:41
400,0,2019-09-07 23:01
400.0,0,2019-09-07 23:21
405.0,0,2019-09-07 23:41
401,0,2019-09-08 00:01
404.0,0.0,2019-09-08 00:21
401.0,0,2019-09-08 00:41
404.0,0,2019-09-08 01:01
402.0,0,2019-09-08 01:21
407,0.0,2019-09-08 01:41
402,0,2019-09-08 02:01
402,0,2019-09-08 02:21
402.0,0,2019-09-08 02:41
402,0,2019-09-08 03:01
401.0,0,2019-09-08 03:21
402.0,0.0,2019-09-08 03:41
401.0,0,2019-09-08 04:01
401,0,2019-09-08 04:21
401.0,0,2019-09-08 04:41
401.0,0,2019-09-08 05:01
401.0,0,2019-09-08 05:21
400.0,0,2019-09-08 05:41
405.0,0.0,2019-09-08 06:01
402.0,0,2019-09-08 06:21
401.0,0,2019-09-08 06:41
400.0,0,2019-09-08 07:01
401.0,0,2019-09-08 07:21
404,0.0,2019-09-08 07:41
402.0,0,2019-09-08 08:01
405.0,0.0,2019-09-08 08:21
401.0,0,2019-09-08 08:41
401.0,0,2019-09-08 09:01
401.0,0,2019-09-08 09:21
402.0,0,2019-09-08 09:41
403,0,2019-09-08 10:01
403.0,0,2019-09-08 10:21
401.0,0,2019-09-08 10:41
400,0,2019-09-08 11:01
401.0,0,2019-09-08 11:21
401.0,0,2019-09-08 11:41
671.0,41.0,2019-09-12 20:28
401.0,0,2019-09-12 20:41
403.0,0.0,2019-09-12 21:01
400,0,2019-09-16 14:33
